# Scaled and centered for robot 3dof grasping
v -0.007554 0.009476 0.027810
v -0.002144 0.009166 0.027926
v 0.001474 0.007282 0.028565
v 0.003189 0.002898 0.027570
v -0.011066 0.008234 0.027821
v 0.015386 0.010092 0.000594
v 0.010199 0.013277 0.000524
v -0.013440 0.014092 0.002722
v -0.018298 0.010776 0.002955
v -0.014900 0.009239 0.000527
v 0.012836 0.015661 0.002877
v 0.019027 0.011669 0.003046
v -0.017153 0.005839 0.000514
v -0.016377 0.015154 0.006393
v -0.020250 0.011562 0.006687
v 0.016245 0.016512 0.006917
v 0.021837 0.012289 0.006652
v -0.021130 0.011746 0.011135
v -0.018134 0.015255 0.011013
v -0.020727 0.011532 0.015776
v -0.017915 0.014688 0.015944
v -0.018600 0.011068 0.019770
v -0.014727 0.013803 0.020232
v -0.010520 0.012450 0.023019
v -0.015223 0.010308 0.022776
v -0.000462 0.013601 0.022379
v 0.008948 0.011417 0.022424
v -0.000441 0.011407 0.024121
v 0.005887 0.009414 0.023845
v 0.013378 0.003973 0.023905
v 0.002974 0.006832 0.025024
v 0.023858 0.004391 0.028016
v 0.023484 0.010736 0.022683
v 0.020164 0.010440 0.023788
v 0.027370 0.003799 0.022390
v 0.026253 0.010124 0.019518
v 0.019730 0.015103 0.017962
v 0.027442 0.008904 0.016568
v 0.021840 0.015233 0.013764
v 0.025134 0.011108 0.011906
v 0.015834 0.012998 0.021319
v 0.016295 0.004314 0.025342
v -0.012182 0.009110 0.024902
v -0.007239 0.010622 0.024725
v -0.000739 0.009844 0.025008
v 0.004475 0.002693 0.024900
v -0.000609 0.014041 0.000518
v -0.001350 0.016450 0.002603
v -0.010648 0.015249 0.020253
v -0.014890 0.016269 0.016182
v -0.015042 0.016849 0.011142
v -0.011731 0.016779 0.006678
v -0.001610 0.017191 0.003993
v 0.013196 0.017560 0.006941
v 0.017701 0.016846 0.012151
v 0.017258 0.016252 0.016788
v 0.013161 0.015166 0.019905
v 0.009697 0.019457 0.011742
v 0.001151 0.020169 0.011864
v 0.008335 0.019437 0.009235
v 0.009781 0.019161 0.014821
v 0.001430 0.020022 0.014788
v -0.003895 0.019660 0.009448
v 0.000778 0.019705 0.008993
v -0.004754 0.019805 0.012120
v -0.004199 0.019521 0.015805
v 0.001473 0.019220 0.017265
v -0.002742 0.018934 0.018099
v 0.008577 0.018902 0.016591
v 0.012696 0.018307 0.015361
v 0.012540 0.018743 0.011690
v 0.009375 0.019066 0.008581
v 0.009961 0.018099 0.017437
v 0.000398 0.019309 0.007598
v -0.005166 0.019317 0.008764
v -0.007522 0.019236 0.011979
v -0.007101 0.018812 0.016089
v -0.003993 0.018310 0.018704
v 0.001218 0.018237 0.018535
v 0.002348 0.002289 0.026109
v 0.001127 0.005896 0.026262
v -0.001963 0.008461 0.026278
v -0.007636 0.008999 0.026266
v -0.010999 0.007861 0.026344
v -0.014248 0.005894 0.028094
v -0.004340 0.009541 0.027785
v -0.000382 0.008498 0.028190
v 0.002607 0.004834 0.027874
v -0.015982 0.002477 0.028036
v 0.013082 0.012010 0.000562
v 0.008715 0.011734 0.000039
v 0.013291 0.009068 0.000065
v 0.017008 0.007497 0.000614
v -0.016837 0.010118 0.001520
v -0.010586 0.011801 0.000525
v -0.012014 0.013063 0.001465
v 0.011515 0.014570 0.001533
v 0.017328 0.010984 0.001602
v 0.016229 0.014149 0.003020
v 0.020865 0.008479 0.003056
v -0.020965 0.006517 0.002946
v -0.019401 0.011243 0.004718
v -0.014819 0.014787 0.004399
v 0.014160 0.016358 0.004738
v 0.020535 0.012119 0.004807
v 0.019080 0.015112 0.006791
v -0.023107 0.006919 0.006741
v -0.022240 0.006747 0.004738
v -0.020806 0.011738 0.008818
v -0.017430 0.015236 0.008620
v -0.023947 0.007151 0.011265
v -0.023622 0.007039 0.008910
v -0.018424 0.015031 0.013519
v -0.021195 0.011686 0.013512
v -0.023355 0.007227 0.015840
v -0.023852 0.007233 0.013618
v -0.016713 0.014349 0.018227
v -0.019855 0.011319 0.017880
v -0.021498 0.007106 0.019739
v -0.022521 0.007162 0.017882
v -0.016913 0.010695 0.021388
v -0.018810 0.007118 0.022932
v -0.020367 0.007129 0.021437
v 0.007294 0.010527 0.023180
v -0.000487 0.012512 0.023235
v 0.012036 0.008785 0.022777
v 0.007963 0.007478 0.023857
v 0.003888 0.005041 0.024968
v 0.024061 0.008361 0.025044
v 0.020140 0.008674 0.025532
v 0.021644 0.010731 0.023566
v 0.027046 0.007492 0.020967
v 0.025095 0.010542 0.021249
v 0.025055 0.012350 0.017669
v 0.022271 0.012879 0.020599
v 0.023449 0.013543 0.012680
v 0.026778 0.009715 0.014980
v 0.026982 0.009474 0.017801
v 0.023753 0.008869 0.006513
v 0.009052 0.019475 0.010261
v 0.022966 0.012145 0.008460
v 0.018480 0.016284 0.009536
v 0.026826 0.004016 0.008199
v 0.009943 0.019345 0.013359
v 0.009331 0.014788 0.020380
v 0.011999 0.012351 0.021701
v 0.016633 0.009405 0.022305
v -0.008976 0.011619 0.023703
v -0.013596 0.009800 0.023926
v -0.005332 0.013455 0.022791
v -0.003881 0.011480 0.024323
v -0.015682 0.006524 0.025101
v -0.017201 0.006937 0.024125
v 0.018725 0.011451 0.022182
v 0.026573 0.008157 0.011496
v 0.027893 0.006900 0.016743
v 0.020943 0.015412 0.015971
v -0.011445 0.008316 0.025677
v -0.013792 0.005611 0.027155
v -0.003834 0.010541 0.024959
v -0.001437 0.008875 0.025655
v -0.007557 0.008967 0.026957
v 0.002723 0.002336 0.025581
v -0.009041 0.010392 0.000026
v -0.012705 0.008193 0.000024
v -0.000411 0.012424 0.000029
v -0.005170 0.013398 0.000524
v -0.014608 0.005293 0.000036
v -0.000940 0.015372 0.001418
v -0.006874 0.015777 0.002731
v -0.001918 0.019702 0.009196
v 0.000993 0.019997 0.010403
v -0.001684 0.020124 0.012034
v -0.004379 0.019767 0.010525
v 0.001297 0.020154 0.013357
v -0.001219 0.019947 0.015285
v -0.004701 0.019739 0.013979
v 0.001510 0.019747 0.016078
v -0.000888 0.019094 0.017829
v -0.003431 0.019215 0.017248
v -0.000616 0.014767 0.021352
v 0.018033 0.014468 0.019839
v 0.015720 0.015749 0.018678
v 0.009231 0.019026 0.015927
v 0.015138 0.017583 0.011564
v 0.011236 0.018034 0.007436
v 0.015297 0.016942 0.016070
v -0.007997 0.018117 0.007452
v -0.011575 0.018022 0.011497
v -0.011278 0.017486 0.016288
v -0.006794 0.016799 0.019684
v 0.000379 0.016422 0.020066
v 0.011406 0.018936 0.009878
v 0.012986 0.018522 0.013634
v -0.002682 0.019313 0.007984
v -0.006645 0.019307 0.010162
v -0.007632 0.019068 0.014039
v -0.001568 0.018249 0.018849
v -0.005802 0.018531 0.017734
v 0.011853 0.018140 0.016700
v 0.007194 0.018168 0.017718
v 0.006646 0.019022 0.016638
v 0.006877 0.019662 0.014525
v 0.006788 0.019904 0.011710
v 0.006339 0.019572 0.009031
v 0.006700 0.019183 0.007880
v 0.007616 0.016476 0.002780
v 0.005648 0.014058 0.000495
v 0.014259 0.018120 0.011535
v 0.014466 0.017576 0.015790
v 0.010460 0.018552 0.007803
v 0.011209 0.017255 0.018360
v -0.000065 0.018795 0.006347
v -0.009783 0.018610 0.011727
v -0.006631 0.018750 0.007976
v -0.009460 0.018108 0.016245
v -0.005436 0.017534 0.019288
v 0.000836 0.017287 0.019507
v 0.017979 0.003745 0.000648
v 0.022298 0.003873 0.002961
v -0.021835 0.002324 0.002962
v -0.017792 0.002226 0.000605
v -0.024280 0.002324 0.006723
v -0.025351 0.002324 0.011273
v -0.025016 0.002436 0.015848
v -0.023273 0.002436 0.019695
v -0.020818 0.002386 0.023005
v 0.009352 0.003669 0.023923
v 0.019552 0.004453 0.028560
v 0.027892 0.003952 0.011356
v 0.028496 0.003745 0.017004
v 0.001637 0.008381 0.025071
v 0.001677 0.006095 0.025628
v 0.002546 0.002464 0.026748
v 0.001082 0.006194 0.027115
v 0.001932 0.004160 0.026186
v -0.002129 0.008522 0.027010
v -0.000148 0.007345 0.026283
v -0.007614 0.009524 0.025590
v -0.004415 0.009110 0.026254
v -0.010846 0.007826 0.027036
v -0.014604 0.005923 0.025831
v -0.013977 0.005624 0.026470
v 0.011258 0.010634 0.000063
v 0.014697 0.006825 0.000087
v 0.014731 0.013188 0.001569
v 0.019035 0.008023 0.001650
v -0.019312 0.006222 0.001495
v 0.017648 0.014800 0.004835
v -0.012274 0.013162 0.021778
v 0.009851 0.008198 0.023338
v 0.022034 0.008564 0.025882
v 0.025821 0.007967 0.023252
v 0.023798 0.012819 0.019231
v 0.025990 0.011296 0.016123
v 0.022430 0.008731 0.004749
v 0.020503 0.014974 0.008839
v 0.024916 0.008824 0.008265
v 0.014348 0.009308 0.022315
v -0.004613 0.012466 0.023459
v 0.018492 0.009088 0.023793
v 0.027662 0.007336 0.014608
v 0.020396 0.012538 0.021491
v 0.027653 0.007090 0.018768
v -0.004153 0.009619 0.025631
v 0.000463 0.007622 0.025657
v -0.004383 0.011809 0.000034
v -0.005981 0.014674 0.001459
v -0.001758 0.019950 0.010522
v -0.001488 0.020133 0.013670
v -0.000946 0.019607 0.016685
v -0.006587 0.014586 0.021518
v -0.013300 0.015807 0.018461
v -0.015470 0.016641 0.013645
v -0.013817 0.016898 0.008795
v -0.007972 0.016662 0.004627
v 0.015823 0.017317 0.009341
v 0.017945 0.016588 0.014575
v 0.013789 0.017843 0.009322
v 0.015647 0.017276 0.013902
v -0.004660 0.018136 0.006154
v -0.003419 0.016539 0.020259
v 0.008138 0.016183 0.019127
v 0.006712 0.019431 0.015664
v 0.006925 0.019878 0.013162
v 0.006518 0.019800 0.010299
v 0.009278 0.017272 0.004768
v 0.006531 0.015385 0.001452
v 0.004942 0.012436 0.000031
v 0.014767 0.017846 0.013770
v 0.013053 0.018362 0.009353
v 0.013348 0.017357 0.017361
v 0.007210 0.018693 0.006814
v -0.008650 0.018719 0.009654
v -0.003682 0.018765 0.006866
v -0.010090 0.018403 0.013994
v -0.007835 0.017795 0.018116
v -0.002473 0.017362 0.019710
v 0.007839 0.017250 0.018666
v 0.015594 0.003530 0.000084
v 0.020164 0.003843 0.001654
v -0.020020 0.002320 0.001562
v -0.023273 0.002324 0.004719
v -0.024899 0.002324 0.008899
v -0.025383 0.002436 0.013626
v -0.024285 0.002436 0.017883
v -0.022160 0.002435 0.021495
v 0.011425 0.003863 0.023759
v 0.021696 0.004468 0.028818
v 0.025760 0.004194 0.026067
v 0.024219 0.004001 0.004590
v 0.014925 0.004126 0.024404
v 0.017691 0.004416 0.027386
v 0.028506 0.003799 0.014577
v 0.028124 0.003773 0.019491
v -0.015272 0.002095 0.000078
v 0.002380 0.004320 0.025600
v 0.002020 0.004319 0.026890
v -0.000335 0.007552 0.027069
v -0.004469 0.009053 0.026955
v -0.017103 0.002321 0.028930
v 0.004220 0.014801 0.020766
v 0.004157 0.016355 0.019433
v 0.004241 0.017277 0.018979
v 0.002970 0.012632 0.000024
v 0.003083 0.014266 0.000496
v 0.003136 0.015633 0.001397
v 0.003276 0.016675 0.002610
v 0.003644 0.017359 0.004031
v 0.003628 0.018773 0.006405
v 0.003616 0.019260 0.007597
v 0.003644 0.019659 0.008935
v 0.003790 0.019951 0.010316
v 0.003964 0.020135 0.011728
v 0.004089 0.020121 0.013156
v 0.004131 0.019952 0.014510
v 0.004108 0.019664 0.015715
v 0.004086 0.019149 0.016830
v 0.004172 0.018221 0.018050
v 0.004027 0.013152 0.022018
v 0.003428 0.011987 0.023095
v 0.002843 0.010733 0.023974
v -0.015798 0.002077 0.027183
v -0.015998 0.002037 0.026564
v -0.016841 0.002177 0.025997
v -0.018033 0.002308 0.025267
v -0.019450 0.002349 0.024226
v -0.006775 -0.009353 0.027925
v -0.001718 -0.008495 0.027821
v 0.001668 -0.006052 0.027873
v 0.003867 -0.002154 0.028154
v -0.009773 -0.008751 0.028085
v 0.015591 -0.010243 0.000542
v 0.010371 -0.013343 0.000519
v 0.017950 -0.004982 0.000627
v -0.013186 -0.014026 0.002764
v -0.018192 -0.010838 0.002955
v -0.014734 -0.009287 0.000538
v 0.012653 -0.015565 0.002958
v 0.019133 -0.011731 0.003046
v 0.022171 -0.005514 0.002870
v -0.017029 -0.005893 0.000522
v -0.016056 -0.014993 0.006486
v -0.020120 -0.011604 0.006687
v 0.016324 -0.016453 0.006980
v 0.021981 -0.012363 0.006632
v -0.021014 -0.011775 0.011139
v -0.017914 -0.015012 0.011081
v -0.020813 -0.011665 0.015809
v -0.017670 -0.014655 0.015853
v -0.018854 -0.011345 0.019776
v -0.014827 -0.014164 0.019893
v -0.010680 -0.012640 0.022657
v -0.015536 -0.010653 0.022858
v -0.000735 -0.013584 0.022141
v 0.008980 -0.011458 0.022383
v -0.000685 -0.011135 0.024105
v 0.005419 -0.009021 0.023969
v 0.013380 -0.005609 0.023327
v 0.009091 -0.004888 0.023926
v 0.003184 -0.007162 0.024918
v 0.024240 -0.006431 0.027060
v 0.020001 -0.006515 0.027447
v 0.023650 -0.010826 0.022702
v 0.020275 -0.010487 0.023781
v 0.027631 -0.005181 0.021931
v 0.026391 -0.010239 0.019538
v 0.019916 -0.015326 0.017682
v 0.027523 -0.009034 0.016500
v 0.025447 -0.005787 0.006294
v 0.021927 -0.015285 0.013745
v 0.025343 -0.011160 0.011827
v 0.027925 -0.005508 0.011293
v -0.000751 -0.014832 0.021040
v 0.016299 -0.013219 0.020810
v 0.016775 -0.006251 0.024534
v -0.012340 -0.009509 0.024940
v -0.007279 -0.010692 0.024724
v -0.001097 -0.009868 0.024915
v 0.004449 -0.003050 0.024940
v 0.028511 -0.004941 0.016899
v -0.000469 -0.014111 0.000509
v -0.001218 -0.016487 0.002631
v 0.009284 -0.019301 0.011695
v 0.001047 -0.020085 0.011893
v 0.007969 -0.019372 0.009358
v 0.009681 -0.019022 0.014691
v 0.001395 -0.019714 0.014724
v -0.003782 -0.019898 0.009497
v 0.000718 -0.019802 0.009035
v -0.004603 -0.020057 0.012151
v -0.004208 -0.019539 0.015597
v 0.001552 -0.018753 0.017173
v -0.002764 -0.018727 0.017719
v 0.008623 -0.018644 0.016570
v 0.012490 -0.018312 0.015119
v 0.011825 -0.018762 0.011599
v 0.008944 -0.019064 0.008788
v 0.009927 -0.018032 0.017307
v 0.000403 -0.019424 0.007626
v -0.005011 -0.019528 0.008845
v -0.007160 -0.019539 0.012099
v -0.006758 -0.019003 0.015984
v -0.003895 -0.018243 0.018409
v 0.001313 -0.018045 0.018335
v 0.002496 -0.002061 0.026142
v 0.001225 -0.005729 0.026248
v -0.001953 -0.008324 0.026287
v -0.007464 -0.009002 0.026290
v -0.010764 -0.008080 0.026316
v -0.013101 -0.006981 0.028259
v -0.004063 -0.009188 0.027872
v 0.000168 -0.007422 0.027823
v 0.002865 -0.004375 0.027962
v 0.003568 0.000342 0.027529
v -0.015221 -0.002392 0.027949
v 0.013223 -0.012131 0.000527
v 0.008922 -0.011819 0.000023
v 0.013496 -0.009270 0.000000
v 0.017120 -0.007692 0.000596
v 0.015543 -0.004654 0.000080
v -0.016646 -0.010146 0.001531
v -0.010340 -0.011802 0.000553
v -0.011736 -0.012983 0.001499
v 0.011536 -0.014591 0.001549
v 0.017475 -0.011081 0.001586
v 0.016320 -0.014185 0.003025
v 0.020147 -0.005249 0.001580
v 0.021036 -0.008604 0.002962
v -0.020859 -0.006580 0.002946
v -0.019295 -0.011305 0.004718
v -0.014490 -0.014706 0.004473
v 0.014113 -0.016254 0.004817
v 0.020641 -0.012182 0.004807
v 0.019184 -0.015074 0.006795
v -0.023001 -0.006981 0.006741
v -0.022134 -0.006809 0.004738
v -0.020693 -0.011790 0.008819
v -0.017177 -0.015036 0.008709
v -0.023841 -0.007213 0.011265
v -0.023515 -0.007101 0.008910
v -0.018119 -0.014845 0.013518
v -0.021140 -0.011759 0.013522
v -0.023536 -0.007387 0.015896
v -0.023882 -0.007324 0.013639
v -0.016574 -0.014466 0.018031
v -0.020069 -0.011581 0.017916
v -0.021737 -0.007323 0.019807
v -0.022810 -0.007386 0.017967
v -0.017342 -0.011023 0.021392
v -0.018698 -0.007253 0.022937
v -0.020312 -0.007262 0.021445
v 0.007104 -0.010359 0.023170
v -0.000682 -0.012326 0.023168
v 0.011940 -0.008791 0.022772
v 0.011235 -0.005344 0.023537
v 0.007616 -0.007199 0.023949
v 0.004017 -0.005127 0.024964
v 0.024249 -0.008697 0.024985
v 0.022073 -0.006567 0.027796
v 0.020260 -0.008843 0.025436
v 0.021743 -0.010791 0.023556
v 0.027214 -0.007769 0.020905
v 0.026303 -0.006047 0.025189
v 0.025278 -0.010643 0.021274
v 0.025161 -0.012415 0.017660
v 0.022382 -0.012943 0.020598
v 0.023668 -0.013503 0.012622
v 0.027053 -0.009907 0.014925
v 0.027081 -0.009612 0.017780
v 0.023939 -0.005696 0.004509
v 0.024007 -0.009047 0.006399
v 0.008625 -0.019365 0.010320
v 0.023281 -0.012188 0.008523
v 0.018618 -0.016274 0.009593
v 0.026799 -0.005756 0.008237
v 0.009679 -0.019176 0.013228
v 0.015229 -0.005903 0.023585
v 0.012256 -0.012490 0.021477
v 0.016695 -0.009498 0.022391
v -0.009021 -0.011684 0.023701
v -0.013774 -0.010208 0.023992
v -0.005693 -0.013422 0.022331
v -0.004122 -0.011237 0.024284
v -0.015575 -0.006832 0.025126
v -0.017132 -0.007190 0.024146
v 0.018842 -0.011509 0.022186
v 0.018223 -0.006457 0.026146
v 0.026801 -0.008452 0.011418
v 0.028518 -0.005140 0.014464
v 0.028044 -0.007345 0.016681
v 0.021056 -0.015539 0.015899
v 0.028184 -0.004973 0.019311
v -0.011429 -0.008729 0.025662
v -0.013129 -0.005916 0.027085
v -0.004134 -0.010381 0.024899
v -0.001568 -0.008860 0.025646
v -0.007209 -0.008865 0.027015
v 0.002892 -0.002378 0.025577
v -0.008875 -0.010469 0.000042
v -0.012583 -0.008268 0.000034
v -0.000261 -0.012551 0.000002
v -0.005006 -0.013458 0.000524
v -0.014558 -0.005355 0.000031
v -0.000769 -0.015457 0.001409
v -0.006774 -0.015788 0.002755
v -0.001894 -0.019902 0.009221
v 0.000903 -0.020019 0.010451
v -0.001732 -0.020169 0.012037
v -0.004246 -0.020028 0.010578
v 0.001210 -0.019978 0.013339
v -0.001306 -0.019763 0.015084
v -0.004643 -0.019923 0.013920
v 0.001546 -0.019311 0.015995
v -0.000886 -0.018770 0.017514
v -0.003443 -0.019078 0.016906
v -0.010744 -0.015309 0.019791
v -0.006816 -0.014664 0.021042
v 0.018422 -0.014704 0.019207
v -0.014735 -0.016124 0.015958
v -0.013233 -0.015766 0.018106
v -0.014898 -0.016653 0.011209
v -0.015271 -0.016404 0.013608
v -0.011575 -0.016731 0.006753
v -0.013694 -0.016765 0.008891
v -0.001423 -0.017304 0.004015
v -0.007809 -0.016703 0.004665
v 0.013407 -0.017212 0.007150
v 0.017862 -0.016822 0.012163
v 0.016040 -0.017128 0.009494
v 0.017415 -0.016418 0.016315
v 0.018037 -0.016701 0.014326
v 0.013475 -0.015255 0.019595
v 0.009265 -0.018854 0.015855
v 0.015064 -0.017622 0.011481
v 0.010906 -0.018094 0.007762
v 0.015570 -0.016959 0.015758
v -0.000364 -0.018296 0.005500
v -0.007777 -0.018181 0.007594
v -0.011073 -0.018124 0.011658
v -0.010790 -0.017630 0.016170
v -0.006710 -0.016838 0.019396
v 0.000412 -0.016318 0.019858
v 0.010612 -0.018928 0.010018
v 0.012502 -0.018547 0.013382
v -0.002632 -0.019494 0.007992
v -0.006422 -0.019575 0.010277
v -0.007282 -0.019352 0.014085
v -0.001514 -0.018096 0.018623
v -0.005584 -0.018583 0.017499
v 0.011702 -0.018123 0.016503
v 0.007238 -0.018026 0.017651
v 0.006685 -0.018681 0.016668
v 0.006807 -0.019372 0.014499
v 0.006532 -0.019663 0.011740
v 0.006092 -0.019532 0.009139
v 0.006509 -0.019203 0.008039
v 0.009459 -0.017118 0.004902
v 0.007877 -0.016405 0.002880
v 0.005845 -0.014094 0.000510
v 0.013881 -0.018165 0.011465
v 0.014711 -0.017565 0.015584
v 0.009985 -0.018582 0.008194
v 0.011293 -0.017217 0.018222
v 0.000028 -0.018906 0.006249
v -0.009228 -0.018845 0.011908
v -0.006430 -0.018893 0.008117
v -0.008916 -0.018335 0.016177
v -0.005281 -0.017560 0.019043
v 0.000895 -0.017206 0.019365
v 0.018280 -0.002341 0.000648
v 0.022687 -0.002600 0.002898
v -0.021872 -0.002421 0.002920
v -0.017826 -0.002251 0.000559
v -0.024239 -0.002466 0.006720
v -0.025261 -0.002741 0.011273
v -0.024973 -0.003049 0.015896
v -0.023168 -0.003227 0.019764
v -0.020380 -0.003152 0.022996
v 0.013546 -0.002658 0.024229
v 0.009731 -0.002408 0.023953
v 0.024100 -0.004009 0.028423
v 0.019821 -0.003945 0.028733
v 0.027643 -0.002609 0.022701
v 0.026069 -0.002664 0.006341
v 0.016118 -0.003090 0.026165
v 0.028253 -0.002524 0.011394
v 0.028812 -0.002358 0.017064
v 0.004514 -0.000882 0.024917
v 0.001371 -0.008783 0.024899
v 0.001773 -0.006094 0.025639
v 0.002768 -0.001940 0.026858
v 0.002480 -0.000007 0.026057
v 0.001232 -0.005688 0.026954
v 0.002092 -0.004002 0.026210
v -0.002006 -0.008219 0.026969
v -0.000099 -0.007191 0.026267
v -0.007557 -0.009647 0.025598
v -0.004453 -0.008969 0.026297
v -0.010287 -0.008009 0.027059
v -0.014359 -0.006248 0.025806
v -0.013562 -0.005845 0.026400
v 0.011416 -0.010801 0.000014
v 0.014858 -0.007093 0.000043
v 0.014853 -0.013279 0.001557
v 0.019206 -0.008202 0.001576
v -0.019189 -0.006284 0.001500
v 0.017715 -0.014767 0.004838
v -0.012513 -0.013526 0.021357
v 0.009802 -0.008157 0.023339
v 0.022166 -0.008850 0.025789
v 0.026097 -0.008248 0.023164
v 0.023975 -0.012886 0.019287
v 0.026160 -0.011409 0.016067
v 0.022625 -0.008882 0.004635
v 0.020750 -0.014914 0.008927
v 0.025247 -0.009000 0.008316
v 0.014261 -0.009320 0.022385
v -0.004791 -0.012314 0.023379
v 0.018579 -0.009146 0.023849
v 0.027851 -0.007743 0.014493
v 0.020502 -0.012597 0.021475
v 0.027750 -0.007458 0.018721
v -0.004342 -0.009511 0.025622
v 0.000453 -0.007659 0.025646
v -0.004215 -0.012004 0.000003
v -0.005823 -0.014723 0.001461
v -0.001753 -0.020137 0.010547
v -0.001591 -0.020076 0.013591
v -0.000978 -0.019308 0.016395
v 0.016001 -0.015926 0.018230
v 0.009582 -0.014777 0.020265
v 0.013408 -0.017902 0.009490
v 0.015738 -0.017315 0.013616
v -0.004545 -0.018187 0.006152
v -0.003435 -0.016514 0.019981
v 0.008259 -0.016220 0.019084
v 0.006719 -0.019094 0.015672
v 0.006749 -0.019564 0.013155
v 0.006237 -0.019649 0.010377
v 0.006796 -0.015362 0.001499
v 0.005028 -0.012556 0.000012
v 0.014685 -0.017876 0.013518
v 0.012297 -0.018404 0.009648
v 0.013617 -0.017321 0.017236
v 0.007085 -0.018728 0.007061
v -0.008257 -0.018907 0.009864
v -0.003608 -0.018890 0.006834
v -0.009511 -0.018664 0.014081
v -0.007496 -0.017926 0.017939
v -0.002449 -0.017304 0.019550
v 0.007918 -0.017192 0.018612
v 0.015832 -0.002197 0.000083
v 0.020555 -0.002496 0.001600
v -0.020069 -0.002384 0.001504
v -0.023274 -0.002429 0.004702
v -0.024825 -0.002578 0.008903
v -0.025327 -0.002913 0.013649
v -0.024245 -0.003147 0.017950
v -0.021902 -0.003393 0.021524
v 0.011795 -0.002633 0.023822
v 0.021989 -0.004066 0.029068
v 0.026010 -0.003683 0.026486
v 0.024474 -0.002632 0.004531
v 0.027228 -0.002613 0.008511
v 0.014900 -0.002710 0.024905
v 0.017765 -0.003791 0.027780
v 0.028858 -0.002422 0.014596
v 0.028383 -0.002375 0.019689
v 0.002704 -0.000254 0.025587
v -0.015278 -0.002062 0.000057
v 0.002591 -0.004351 0.025601
v 0.002793 0.000154 0.026667
v 0.002212 -0.003960 0.026938
v -0.000156 -0.007125 0.026953
v -0.004389 -0.008840 0.027008
v 0.008766 0.004335 0.039498
v 0.008659 0.004689 0.039467
v 0.008546 0.005037 0.039353
v 0.008437 0.005351 0.039162
v 0.008336 0.005616 0.038902
v 0.008248 0.005821 0.038586
v 0.008176 0.005955 0.038229
v 0.008125 0.006014 0.037848
v 0.008095 0.005992 0.037461
v 0.008089 0.005892 0.037085
v 0.008107 0.005718 0.036739
v 0.008155 0.005457 0.036432
v 0.008457 0.004347 0.036045
v 0.008590 0.004241 0.041305
v 0.008376 0.004952 0.041243
v 0.008155 0.005644 0.041017
v 0.007941 0.006270 0.040638
v 0.007743 0.006800 0.040121
v 0.007569 0.007209 0.039492
v 0.007431 0.007478 0.038781
v 0.007327 0.007586 0.038022
v 0.007271 0.007541 0.037252
v 0.007262 0.007341 0.036506
v 0.007301 0.006991 0.035820
v 0.007399 0.006471 0.035212
v 0.007601 0.005661 0.034686
v 0.007979 0.004285 0.034353
v 0.008189 0.004082 0.043074
v 0.007872 0.005139 0.042983
v 0.007543 0.006164 0.042648
v 0.007225 0.007092 0.042085
v 0.006932 0.007878 0.041321
v 0.006678 0.008487 0.040390
v 0.006475 0.008889 0.039336
v 0.006331 0.009066 0.038209
v 0.006252 0.009004 0.037063
v 0.006243 0.008710 0.035952
v 0.006301 0.008186 0.034936
v 0.006444 0.007382 0.034049
v 0.007303 0.004172 0.032709
v 0.007576 0.003863 0.044782
v 0.007159 0.005250 0.044663
v 0.006729 0.006594 0.044224
v 0.006313 0.007809 0.043486
v 0.005929 0.008840 0.042484
v 0.005595 0.009638 0.041264
v 0.005329 0.010165 0.039884
v 0.005141 0.010398 0.038407
v 0.005040 0.010324 0.036903
v 0.005031 0.009941 0.035445
v 0.005109 0.009240 0.034119
v 0.005306 0.008184 0.032958
v 0.006423 0.004007 0.031182
v 0.006760 0.003587 0.046405
v 0.006250 0.005284 0.046259
v 0.005725 0.006926 0.045723
v 0.005216 0.008412 0.044821
v 0.004746 0.009672 0.043596
v 0.004339 0.010648 0.042105
v 0.004013 0.011292 0.040417
v 0.003783 0.011576 0.038612
v 0.003660 0.011486 0.036774
v 0.003650 0.011026 0.034989
v 0.003751 0.010179 0.033362
v 0.004003 0.008817 0.031985
v 0.005370 0.003777 0.029828
v 0.005754 0.003258 0.047919
v 0.005158 0.005240 0.047748
v 0.004545 0.007157 0.047122
v 0.003950 0.008892 0.046069
v 0.003402 0.010363 0.044639
v 0.002927 0.011501 0.042899
v 0.002546 0.012253 0.040929
v 0.002277 0.012585 0.038822
v 0.002134 0.012480 0.036676
v 0.002122 0.011943 0.034592
v 0.002245 0.010953 0.032692
v 0.002548 0.009318 0.031110
v 0.004246 0.003368 0.028561
v 0.004571 0.002880 0.049301
v 0.003899 0.005119 0.049108
v 0.003206 0.007283 0.048402
v 0.002535 0.009241 0.047213
v 0.001916 0.010901 0.045599
v 0.001380 0.012186 0.043635
v 0.000950 0.013035 0.041411
v 0.000647 0.013409 0.039032
v 0.000485 0.013291 0.036611
v 0.000472 0.012685 0.034258
v 0.000609 0.011603 0.032095
v 0.000943 0.009756 0.030291
v 0.003229 0.002460 0.050531
v 0.002490 0.004922 0.050320
v 0.001728 0.007301 0.049543
v 0.000990 0.009454 0.048237
v 0.000310 0.011279 0.046462
v -0.000280 0.012692 0.044301
v -0.000752 0.013626 0.041856
v -0.001085 0.014037 0.039242
v -0.001263 0.013907 0.036578
v -0.001278 0.013241 0.033992
v -0.001126 0.012055 0.031615
v -0.000799 0.010322 0.029679
v 0.001748 0.002003 0.051593
v 0.000952 0.004652 0.051365
v 0.000133 0.007213 0.050529
v -0.000661 0.009529 0.049124
v -0.001392 0.011493 0.047214
v -0.002027 0.013013 0.044890
v -0.002536 0.014017 0.042259
v -0.002894 0.014460 0.039446
v -0.003086 0.014320 0.036580
v -0.003101 0.013603 0.033798
v -0.002935 0.012317 0.031252
v -0.002585 0.010604 0.029214
v 0.000150 0.001515 0.052469
v -0.000691 0.004314 0.052229
v -0.001556 0.007018 0.051346
v -0.002395 0.009463 0.049862
v -0.003167 0.011537 0.047846
v -0.003838 0.013142 0.045391
v -0.004375 0.014203 0.042613
v -0.004753 0.014671 0.039642
v -0.004955 0.014523 0.036617
v -0.004972 0.013766 0.033678
v -0.004800 0.012428 0.030972
v -0.004467 0.010674 0.028842
v -0.001544 0.001005 0.053148
v -0.002417 0.003912 0.052898
v -0.003316 0.006719 0.051982
v -0.004186 0.009259 0.050440
v -0.004988 0.011413 0.048347
v -0.005684 0.013080 0.045798
v -0.006242 0.014181 0.042913
v -0.006635 0.014667 0.039828
v -0.006859 0.014518 0.036681
v -0.006895 0.013738 0.033626
v -0.006701 0.012353 0.030814
v -0.006484 0.010476 0.028506
v -0.005107 0.003197 0.053491
v -0.006029 0.006077 0.052551
v -0.006922 0.008684 0.050969
v -0.007745 0.010894 0.048820
v -0.008460 0.012604 0.046205
v -0.009032 0.013735 0.043245
v -0.009428 0.014208 0.040079
v -0.009673 0.014023 0.036838
v -0.009775 0.013316 0.033713
v -0.009496 0.011829 0.030829
v -0.009115 0.009901 0.028320
v -0.004210 0.000213 0.053748
v -0.006938 -0.000588 0.053914
v -0.007832 0.002386 0.053659
v -0.008750 0.005257 0.052722
v -0.009641 0.007853 0.051146
v -0.011242 0.009749 0.049082
v -0.011732 0.011281 0.046754
v -0.012366 0.012140 0.044175
v -0.012140 0.013255 0.040314
v -0.012631 0.013282 0.037226
v -0.012767 0.012645 0.034014
v -0.012337 0.011034 0.031112
v -0.011824 0.009058 0.028595
v -0.008754 -0.001113 0.053734
v -0.009628 0.001796 0.053484
v -0.010527 0.004603 0.052568
v -0.012025 0.007382 0.050835
v -0.013913 0.011957 0.041812
v -0.015401 0.011919 0.038590
v -0.015510 0.011515 0.034633
v -0.015071 0.010007 0.031647
v -0.014350 0.007823 0.029246
v -0.010535 -0.001624 0.053337
v -0.011377 0.001178 0.053097
v -0.012941 0.004779 0.051868
v -0.012254 -0.002112 0.052731
v -0.013051 0.000543 0.052503
v -0.014307 0.003477 0.051690
v -0.017627 0.010181 0.038372
v -0.017664 0.009948 0.035046
v -0.017311 0.008611 0.032301
v -0.016565 0.006443 0.030155
v -0.013887 -0.002569 0.051923
v -0.014628 -0.000102 0.051711
v -0.015662 0.002278 0.051080
v -0.018850 0.008658 0.038375
v -0.019010 0.008297 0.035462
v -0.018876 0.007297 0.032897
v -0.018061 0.005328 0.030874
v -0.015409 -0.002990 0.050925
v -0.016084 -0.000746 0.050732
v -0.017063 0.001332 0.050068
v -0.019690 0.007105 0.038472
v -0.020078 0.006773 0.035819
v -0.019950 0.005809 0.033638
v -0.019286 0.004165 0.031778
v -0.016799 -0.003369 0.049752
v -0.017397 -0.001379 0.049581
v -0.018319 0.000580 0.048824
v -0.020843 0.004862 0.036271
v -0.020709 0.003826 0.034718
v -0.020293 -0.000782 0.032467
v -0.018436 -0.003799 0.047735
v -0.018966 -0.001810 0.047504
v -0.019424 -0.000360 0.047149
v -0.020189 -0.000060 0.045608
v -0.020821 0.000157 0.043926
v -0.021180 0.001630 0.041980
v -0.021134 0.003706 0.039943
v -0.019793 -0.004145 0.045584
v -0.020452 -0.002096 0.045087
v 0.008686 0.004368 0.037697
v -0.017473 0.008218 0.042810
v -0.015871 0.008115 0.047197
v -0.018750 0.007203 0.041942
v -0.020011 0.003338 0.045124
v -0.017512 0.004619 0.048459
v -0.017283 0.007408 0.043139
v -0.018180 0.006556 0.042488
v -0.015878 0.007191 0.046144
v -0.016354 0.007756 0.044496
v -0.018854 0.005561 0.042484
v -0.016261 0.005919 0.047144
v -0.019339 0.004666 0.043319
v -0.017233 0.004800 0.047125
v -0.019304 0.004075 0.044749
v -0.018444 0.004107 0.046215
v -0.017550 0.007518 0.043232
v -0.018444 0.006719 0.042558
v -0.016156 0.007383 0.046362
v -0.019130 0.005664 0.042540
v -0.019633 0.004673 0.043384
v -0.017465 0.004862 0.047359
v -0.019594 0.004012 0.044920
v -0.018688 0.004094 0.046446
v -0.019902 0.005751 0.041393
v -0.020679 0.003643 0.043069
v -0.020106 0.002655 0.045420
v -0.015359 0.009862 0.044884
v -0.017120 0.009259 0.042430
v -0.018883 0.002840 0.047722
v -0.017236 0.004153 0.049576
v -0.015783 0.006472 0.049778
v -0.014899 0.008890 0.048089
v -0.018891 0.007796 0.041396
v -0.016915 0.007229 0.045083
v -0.016337 0.006889 0.046248
v -0.017733 0.007043 0.043992
v -0.018377 0.006448 0.043211
v -0.018847 0.005799 0.043053
v -0.019194 0.005319 0.043778
v -0.019013 0.005075 0.044949
v -0.018274 0.005116 0.046114
v -0.017297 0.005403 0.046913
v -0.016510 0.006062 0.046994
v -0.016636 0.007904 0.044597
v -0.016611 0.006080 0.047390
v -0.018194 0.006514 0.042759
v -0.017764 0.007024 0.042743
v -0.017359 0.007296 0.043419
v -0.016493 0.007597 0.044676
v -0.016018 0.007617 0.045344
v -0.016008 0.007086 0.046160
v -0.016790 0.007664 0.043735
v -0.018821 0.005651 0.042731
v -0.018539 0.006060 0.042391
v -0.015960 0.006604 0.046775
v -0.016334 0.005965 0.047087
v -0.019276 0.004909 0.043532
v -0.019124 0.005086 0.042791
v -0.016698 0.005295 0.047266
v -0.017270 0.005005 0.047052
v -0.019197 0.004434 0.044845
v -0.019430 0.004311 0.043993
v -0.017832 0.004398 0.046762
v -0.018401 0.004467 0.046187
v -0.018949 0.004001 0.045507
v -0.017179 0.005933 0.046695
v -0.016669 0.006144 0.046906
v -0.017982 0.005899 0.045919
v -0.018706 0.005835 0.044890
v -0.018882 0.005915 0.043303
v -0.018676 0.006242 0.043647
v -0.018253 0.006540 0.044559
v -0.017503 0.006650 0.045563
v -0.016802 0.006516 0.046430
v -0.019622 0.005696 0.041921
v -0.020537 0.002966 0.044237
v -0.020349 0.004167 0.043212
v -0.016048 0.009633 0.043495
v -0.016280 0.008716 0.044677
v -0.018074 0.003386 0.048800
v -0.018857 0.003492 0.047063
v -0.015227 0.007784 0.049168
v -0.016504 0.006393 0.048580
v -0.014941 0.009623 0.046556
v -0.018120 0.008642 0.041774
v -0.019430 0.006825 0.041249
v -0.019550 0.002589 0.046571
v -0.016487 0.005211 0.049938
v -0.020407 0.004644 0.042033
v -0.020829 0.002813 0.042594
v -0.020271 0.005709 0.040394
v -0.020109 0.001576 0.045626
v -0.016441 0.010167 0.041494
v -0.013971 0.011130 0.044604
v -0.016358 0.003275 0.050584
v -0.018694 0.001837 0.048378
v -0.012957 0.009505 0.048787
v -0.014363 0.006229 0.050841
v -0.018679 0.008169 0.040488
v -0.016564 0.007128 0.045680
v -0.017325 0.007201 0.044510
v -0.018086 0.006773 0.043551
v -0.018607 0.006127 0.043016
v -0.019064 0.005514 0.043330
v -0.019182 0.005171 0.044342
v -0.018701 0.005053 0.045552
v -0.017787 0.005238 0.046580
v -0.016863 0.005649 0.047065
v -0.016308 0.006525 0.046695
v -0.017072 0.007778 0.043820
v -0.016304 0.006793 0.047013
v -0.016290 0.007777 0.045499
v -0.018020 0.007173 0.042823
v -0.018808 0.006202 0.042457
v -0.019412 0.005143 0.042842
v -0.019715 0.004273 0.044108
v -0.019229 0.003941 0.045725
v -0.018041 0.004421 0.046999
v -0.016994 0.005408 0.047489
v -0.017813 0.006939 0.043028
v -0.016160 0.007452 0.045437
v -0.016907 0.007533 0.043979
v -0.018525 0.006081 0.042652
v -0.016062 0.006573 0.046735
v -0.019084 0.005256 0.043038
v -0.016758 0.005414 0.047195
v -0.019332 0.004626 0.044158
v -0.017843 0.004689 0.046706
v -0.018872 0.004370 0.045538
v -0.016920 0.005895 0.046926
v -0.017559 0.005926 0.046352
v -0.018376 0.005858 0.045417
v -0.018918 0.005820 0.044360
v -0.018728 0.006131 0.043325
v -0.018517 0.006404 0.044076
v -0.017895 0.006621 0.045060
v -0.017120 0.006611 0.046031
v -0.016577 0.006436 0.046694
v -0.020061 0.004905 0.042409
v -0.020300 0.003629 0.044154
v -0.016830 0.008525 0.043611
v -0.018123 0.003969 0.047875
v -0.016123 0.007355 0.048091
v -0.015887 0.008577 0.045946
v -0.018175 0.007816 0.042272
v -0.019202 0.006460 0.041810
v -0.019510 0.003266 0.046121
v -0.016979 0.005431 0.048709
v -0.020707 0.004262 0.041173
v -0.020635 0.001892 0.044159
v -0.015079 0.010989 0.042940
v -0.017588 0.002376 0.049614
v -0.013503 0.007921 0.050078
v -0.013189 0.010688 0.047004
v -0.017691 0.009176 0.040803
v -0.019523 0.007083 0.040358
v -0.019465 0.001538 0.047036
v -0.015322 0.004642 0.051006
v -0.019005 0.005801 0.043873
v -0.019023 0.005755 0.043524
v -0.020377 -0.004282 0.044164
v -0.020608 -0.004047 0.033614
v -0.021210 -0.004360 0.037530
v -0.021618 -0.004401 0.033808
v -0.023248 -0.004884 0.034083
v -0.027281 -0.006090 0.034835
v -0.026201 -0.005733 0.033682
v -0.023050 -0.004885 0.036528
v -0.024554 -0.005259 0.033997
v -0.024735 -0.005350 0.036236
v -0.025185 -0.005439 0.033796
v -0.021321 -0.004556 0.044084
v -0.022932 -0.005013 0.043531
v -0.024329 -0.005411 0.043119
v -0.025019 -0.005622 0.043512
v -0.025742 -0.005853 0.044364
v -0.026969 -0.006233 0.045326
v -0.028095 -0.006562 0.045331
v -0.028545 -0.006648 0.043414
v -0.028721 -0.006733 0.044833
v -0.027529 -0.006324 0.042212
v -0.026223 -0.005912 0.040916
v -0.025277 -0.005621 0.040261
v -0.023805 -0.005175 0.039596
v -0.021499 -0.004444 0.037059
v -0.021562 -0.004457 0.038231
v -0.022367 -0.004623 0.033940
v -0.026960 -0.005962 0.033998
v -0.022187 -0.004640 0.036755
v -0.023949 -0.005086 0.033967
v -0.023935 -0.005116 0.036323
v -0.025956 -0.005727 0.036135
v -0.020794 -0.004463 0.044287
v -0.022113 -0.004781 0.043834
v -0.023672 -0.005223 0.043271
v -0.024740 -0.005534 0.043242
v -0.025324 -0.005719 0.043852
v -0.028755 -0.006727 0.044126
v -0.028124 -0.006511 0.042798
v -0.026840 -0.006107 0.041536
v -0.025753 -0.005766 0.040518
v -0.024616 -0.005421 0.039984
v -0.022533 -0.004792 0.039060
v -0.027117 -0.006058 0.035443
v -0.020672 0.000562 0.034403
v -0.021625 0.000331 0.041458
v -0.020849 -0.002774 0.043678
v -0.021541 0.003466 0.038808
v -0.021868 -0.002004 0.037659
v -0.021533 -0.002113 0.037318
v -0.022656 -0.000265 0.041013
v -0.022049 0.002480 0.034981
v -0.021838 -0.000264 0.034380
v -0.023914 -0.000774 0.041192
v -0.022134 0.003815 0.036440
v -0.022118 0.003423 0.038596
v -0.024133 0.002444 0.038502
v -0.023550 -0.001200 0.034599
v -0.024523 0.002160 0.037714
v -0.024345 0.001914 0.036872
v -0.027645 -0.003885 0.035389
v -0.026928 -0.001910 0.035247
v -0.028687 -0.001358 0.041815
v -0.028930 -0.004824 0.044401
v -0.024115 -0.001948 0.038377
v -0.023590 -0.002083 0.036904
v -0.025138 0.000662 0.040130
v -0.024985 -0.001323 0.041748
v -0.025307 0.000061 0.037757
v -0.025684 -0.002039 0.039020
v -0.025364 0.001409 0.038135
v -0.025815 -0.001911 0.042646
v -0.026359 -0.002593 0.043570
v -0.026831 -0.000730 0.038994
v -0.028284 -0.002074 0.040972
v -0.026780 -0.002302 0.039793
v -0.027767 -0.002861 0.040918
v -0.027080 0.000268 0.039412
v -0.024987 -0.002078 0.034624
v -0.025400 0.000327 0.036686
v -0.025598 -0.002576 0.034381
v -0.027054 0.000408 0.040309
v -0.020861 -0.002314 0.033931
v -0.021575 -0.001869 0.037253
v -0.021886 -0.002178 0.037138
v -0.021432 -0.003360 0.037554
v -0.022110 -0.000039 0.041148
v -0.021851 -0.002554 0.034093
v -0.021299 -0.001098 0.042650
v -0.022479 -0.001495 0.042347
v -0.023279 -0.000499 0.041109
v -0.022044 0.003919 0.037602
v -0.023159 0.003006 0.038651
v -0.023137 0.003363 0.036531
v -0.022718 -0.000735 0.034490
v -0.023337 -0.003473 0.034366
v -0.023763 -0.001876 0.042239
v -0.024515 0.002216 0.037177
v -0.024346 0.002522 0.036434
v -0.027412 -0.003649 0.034560
v -0.027540 -0.005007 0.034986
v -0.028155 -0.001314 0.042600
v -0.028959 -0.002726 0.043438
v -0.023985 -0.001006 0.037722
v -0.022940 -0.001972 0.038055
v -0.022692 -0.002132 0.037045
v -0.023864 -0.000585 0.037134
v -0.023250 -0.003917 0.036597
v -0.024534 -0.001079 0.041328
v -0.024534 0.000212 0.037438
v -0.025490 -0.001035 0.038284
v -0.024965 -0.001985 0.038692
v -0.025296 0.000911 0.037760
v -0.024288 0.001210 0.037147
v -0.024709 0.001733 0.037933
v -0.024164 -0.002763 0.039242
v -0.025787 -0.002905 0.040066
v -0.026131 -0.002275 0.043155
v -0.027597 -0.001225 0.039861
v -0.027994 -0.002517 0.040912
v -0.027344 -0.002572 0.040380
v -0.026775 -0.001470 0.039312
v -0.026964 -0.000124 0.039035
v -0.028001 -0.000299 0.040400
v -0.028565 -0.001652 0.041276
v -0.025608 -0.002740 0.043284
v -0.026295 -0.003228 0.044073
v -0.026733 -0.003127 0.040787
v -0.027815 -0.003574 0.041611
v -0.028560 -0.003357 0.042145
v -0.024321 -0.001631 0.034679
v -0.025280 0.000563 0.036206
v -0.024683 0.001039 0.036749
v -0.024425 -0.002324 0.036817
v -0.025309 -0.001264 0.036820
v -0.024749 -0.003823 0.034323
v -0.024930 -0.004312 0.036365
v -0.026327 -0.000680 0.036407
v -0.026152 -0.000527 0.035835
v -0.025966 -0.001661 0.036640
v -0.027206 -0.002246 0.035815
v -0.026537 -0.003178 0.034288
v -0.024868 -0.002305 0.042523
v -0.026261 -0.002131 0.039369
v -0.026251 0.000923 0.038577
v -0.025396 0.001492 0.038988
v -0.025434 -0.001596 0.042177
v -0.026038 -0.000253 0.038130
v -0.027215 -0.001858 0.043221
v -0.026382 -0.000303 0.041421
v -0.023855 0.001586 0.039530
v -0.022233 0.002326 0.039296
v -0.023807 0.001192 0.035340
v -0.025304 0.000023 0.035278
v -0.021892 -0.003059 0.043486
v -0.023340 -0.003458 0.043019
v -0.024676 -0.003828 0.042894
v -0.025377 -0.004084 0.043432
v -0.026103 -0.004447 0.044239
v -0.027254 -0.004631 0.045028
v -0.028335 -0.004716 0.044964
v -0.028684 -0.004962 0.042992
v -0.027791 -0.004842 0.042031
v -0.026548 -0.004429 0.040966
v -0.025550 -0.004166 0.040243
v -0.024162 -0.003783 0.039578
v -0.027459 -0.003925 0.035895
v -0.024302 0.001105 0.037005
v -0.025494 -0.000279 0.036841
v -0.021953 -0.001795 0.037325
v -0.021692 -0.003553 0.037083
v -0.021913 -0.003136 0.038328
v -0.021775 -0.001301 0.042535
v -0.023120 0.003651 0.037704
v -0.022957 0.001876 0.035028
v -0.022600 -0.002912 0.034197
v -0.023130 -0.001672 0.042290
v -0.024061 0.002929 0.037514
v -0.027257 -0.004892 0.034068
v -0.028319 -0.002684 0.044056
v -0.023015 -0.001416 0.037264
v -0.022391 -0.003743 0.036797
v -0.024742 -0.000931 0.038025
v -0.024482 0.001183 0.037487
v -0.025071 -0.002859 0.039653
v -0.027428 -0.001866 0.040041
v -0.027835 -0.000661 0.039941
v -0.025940 -0.003013 0.043698
v -0.027284 -0.003358 0.041258
v -0.028227 -0.003546 0.041837
v -0.024587 0.000569 0.035399
v -0.024588 0.001329 0.036393
v -0.024570 -0.000885 0.036980
v -0.024076 -0.003611 0.034375
v -0.024088 -0.004088 0.036463
v -0.025377 -0.004080 0.034128
v -0.026186 -0.004694 0.036234
v -0.026171 -0.002641 0.036454
v -0.026437 -0.004565 0.033858
v -0.024387 -0.002140 0.042240
v -0.026279 -0.002985 0.040391
v -0.026292 0.000949 0.039476
v -0.026139 -0.001205 0.038724
v -0.027336 -0.002995 0.044315
v -0.026864 -0.000967 0.042273
v -0.024410 0.001097 0.039706
v -0.023154 0.001994 0.039499
v -0.021324 0.004054 0.037578
v -0.025943 -0.000936 0.035050
v -0.021257 -0.002890 0.043694
v -0.022542 -0.003235 0.043272
v -0.024016 -0.003660 0.042861
v -0.025095 -0.003951 0.043115
v -0.025701 -0.004252 0.043813
v -0.028927 -0.004877 0.043677
v -0.028326 -0.004985 0.042464
v -0.027137 -0.004615 0.041492
v -0.026057 -0.004290 0.040561
v -0.024922 -0.004009 0.039931
v -0.022875 -0.003484 0.039060
v -0.027368 -0.004983 0.035578
v -0.024800 0.000420 0.036956
v -0.024606 0.001917 0.038743
v -0.026300 -0.001145 0.036583
v -0.026125 0.000504 0.038166
v -0.027639 -0.000268 0.041354
v -0.027119 -0.002489 0.036144
v -0.028838 -0.003058 0.042694
v -0.026396 -0.001950 0.034711
v -0.021765 0.002576 0.039175
v -0.022780 -0.002687 0.038683
v -0.025302 -0.002478 0.042892
v -0.025820 0.000234 0.040704
v -0.024131 0.000106 0.037052
v -0.025232 -0.002471 0.036664
v -0.026283 -0.003731 0.036392
v -0.025109 -0.003456 0.036472
v -0.024254 -0.003266 0.036641
v -0.023407 -0.003073 0.036710
v -0.022529 -0.002933 0.036867
v -0.021793 -0.002803 0.037088
v -0.021459 -0.002643 0.037461
v -0.021806 -0.002509 0.038081
v -0.019741 -0.001962 0.046167
v -0.019085 -0.003963 0.046641
v -0.020783 0.005116 0.038504
v -0.020373 0.001535 0.033270
v -0.019605 -0.003769 0.031779
v -0.021194 0.003745 0.036526
v -0.020886 0.002543 0.035322
v -0.020837 -0.002444 0.044226
v -0.020261 -0.004261 0.044731
v -0.020284 -0.003993 0.032987
v -0.021251 -0.000551 0.043111
v -0.021620 0.000805 0.041613
v -0.021571 0.003470 0.039268
v -0.021297 0.004389 0.038040
v -0.021199 0.004093 0.036471
v -0.021007 0.003017 0.035146
v -0.020783 0.000957 0.033950
v -0.024155 0.002059 0.036176
v -0.023146 0.002438 0.035557
v -0.023352 0.002747 0.035831
v 0.008254 0.005044 0.036164
v -0.020770 -0.001245 0.033408
v 0.006745 0.006203 0.033271
v 0.005704 0.006657 0.031925
v 0.004462 0.007008 0.030796
v 0.003069 0.007213 0.029729
v -0.018513 0.001349 0.029857
v 0.008866 0.003981 0.039450
v 0.008958 0.003634 0.039321
v 0.009032 0.003319 0.039114
v 0.009091 0.003052 0.038843
v 0.009123 0.002846 0.038517
v 0.009130 0.002710 0.038153
v 0.009113 0.002651 0.037769
v 0.009071 0.002671 0.037382
v 0.009008 0.002768 0.037011
v 0.008925 0.002941 0.036672
v 0.008822 0.003197 0.036376
v 0.008791 0.003530 0.041210
v 0.008974 0.002839 0.040952
v 0.009125 0.002212 0.040542
v 0.009237 0.001682 0.040001
v 0.009306 0.001271 0.039354
v 0.009327 0.000999 0.038630
v 0.009298 0.000880 0.037864
v 0.009219 0.000920 0.037093
v 0.009095 0.001116 0.036354
v 0.008932 0.001459 0.035681
v 0.008734 0.001963 0.035095
v 0.008459 0.002820 0.034564
v 0.008488 0.003026 0.042933
v 0.008759 0.002001 0.042550
v 0.008982 0.001073 0.041944
v 0.009149 0.000286 0.041142
v 0.009250 -0.000323 0.040183
v 0.009281 -0.000726 0.039111
v 0.009241 -0.000903 0.037976
v 0.009132 -0.000848 0.036831
v 0.008956 -0.000560 0.035731
v 0.008716 -0.000048 0.034734
v 0.008427 0.000685 0.033868
v 0.007969 0.002477 0.044598
v 0.008323 0.001134 0.044096
v 0.008616 -0.000083 0.043302
v 0.008834 -0.001114 0.042251
v 0.008967 -0.001912 0.040994
v 0.009008 -0.002440 0.039588
v 0.008956 -0.002673 0.038101
v 0.008813 -0.002600 0.036600
v 0.008585 -0.002225 0.035157
v 0.008270 -0.001549 0.033852
v 0.007894 -0.000593 0.032720
v 0.007241 0.001891 0.046180
v 0.007674 0.000248 0.045566
v 0.008032 -0.001238 0.044595
v 0.008299 -0.002498 0.043311
v 0.008461 -0.003474 0.041774
v 0.008511 -0.004119 0.040056
v 0.008448 -0.004404 0.038237
v 0.008272 -0.004315 0.036404
v 0.007987 -0.003847 0.034645
v 0.007588 -0.002995 0.033068
v 0.007088 -0.001735 0.031717
v 0.006315 0.001276 0.047655
v 0.006821 -0.000641 0.046939
v 0.007239 -0.002376 0.045805
v 0.007550 -0.003847 0.044306
v 0.007740 -0.004986 0.042512
v 0.007798 -0.005739 0.040507
v 0.007724 -0.006072 0.038384
v 0.007519 -0.005968 0.036243
v 0.007184 -0.005416 0.034193
v 0.006727 -0.004430 0.032348
v 0.006149 -0.003001 0.030763
v 0.005205 0.000643 0.049003
v 0.005776 -0.001522 0.048196
v 0.006248 -0.003480 0.046916
v 0.006599 -0.005141 0.045223
v 0.006813 -0.006426 0.043198
v 0.006879 -0.007277 0.040935
v 0.006795 -0.007652 0.038539
v 0.006564 -0.007535 0.036122
v 0.006193 -0.006922 0.033803
v 0.005689 -0.005830 0.031705
v 0.005004 -0.004278 0.029910
v 0.003927 -0.000002 0.050205
v 0.004555 -0.002381 0.049316
v 0.005074 -0.004534 0.047909
v 0.005460 -0.006360 0.046048
v 0.005695 -0.007774 0.043822
v 0.005767 -0.008709 0.041333
v 0.005675 -0.009121 0.038699
v 0.005421 -0.008992 0.036042
v 0.005018 -0.008328 0.033487
v 0.004474 -0.007144 0.031173
v 0.003770 -0.005621 0.029329
v 0.002499 -0.000646 0.051241
v 0.003175 -0.003207 0.050285
v 0.003733 -0.005523 0.048771
v 0.004148 -0.007488 0.046769
v 0.004401 -0.009009 0.044374
v 0.004479 -0.010015 0.041696
v 0.004380 -0.010459 0.038862
v 0.004107 -0.010320 0.036003
v 0.003673 -0.009605 0.033254
v 0.003079 -0.008326 0.030804
v 0.002362 -0.006917 0.029038
v 0.000942 -0.001283 0.052098
v 0.001656 -0.003986 0.051088
v 0.002245 -0.006432 0.049490
v 0.002684 -0.008507 0.047376
v 0.002951 -0.010113 0.044846
v 0.003034 -0.011175 0.042019
v 0.002929 -0.011644 0.039026
v 0.002640 -0.011497 0.036007
v 0.002182 -0.010743 0.033104
v 0.001535 -0.009399 0.030577
v 0.000770 -0.008145 0.028928
v -0.000720 -0.001901 0.052762
v 0.000021 -0.004709 0.051714
v 0.000633 -0.007249 0.050054
v 0.001088 -0.009403 0.047859
v 0.001366 -0.011071 0.045232
v 0.001451 -0.012174 0.042296
v 0.001342 -0.012660 0.039188
v 0.001043 -0.012508 0.036053
v 0.000568 -0.011724 0.033039
v -0.000216 -0.010376 0.030458
v -0.001121 -0.009195 0.028890
v -0.003365 -0.002771 0.053351
v -0.002605 -0.005651 0.052276
v -0.001976 -0.008258 0.050572
v -0.001509 -0.010469 0.048320
v -0.001224 -0.012180 0.045624
v -0.001136 -0.013312 0.042611
v -0.001248 -0.013812 0.039422
v -0.001556 -0.013655 0.036205
v -0.002043 -0.012851 0.033112
v -0.002719 -0.011396 0.030478
v -0.003493 -0.010048 0.028975
v -0.006096 -0.003561 0.053520
v -0.005339 -0.006431 0.052448
v -0.004713 -0.009029 0.050751
v -0.005069 -0.011397 0.048587
v -0.004687 -0.012850 0.046188
v -0.004792 -0.013809 0.043566
v -0.003987 -0.014562 0.039641
v -0.004293 -0.014406 0.036436
v -0.004779 -0.013604 0.033354
v -0.005438 -0.012116 0.030747
v -0.006149 -0.010517 0.029138
v -0.007930 -0.004022 0.053348
v -0.007189 -0.006830 0.052300
v -0.006980 -0.009900 0.050430
v -0.006217 -0.014521 0.041254
v -0.009741 -0.004426 0.052966
v -0.009139 -0.008245 0.051563
v -0.007235 -0.015055 0.037853
v -0.007642 -0.014356 0.033960
v -0.008205 -0.012519 0.031280
v -0.008924 -0.010525 0.029517
v -0.011502 -0.004765 0.052379
v -0.010993 -0.007876 0.051424
v -0.010197 -0.015047 0.037657
v -0.010338 -0.014558 0.034532
v -0.010871 -0.012921 0.031858
v -0.011848 -0.010404 0.029728
v -0.013188 -0.005036 0.051595
v -0.012788 -0.007569 0.050849
v -0.012168 -0.014721 0.037723
v -0.012347 -0.014136 0.035011
v -0.012921 -0.012714 0.032403
v -0.014015 -0.010226 0.030386
v -0.014773 -0.005234 0.050627
v -0.014490 -0.007481 0.049862
v -0.013771 -0.013845 0.037898
v -0.014064 -0.013157 0.035498
v -0.014630 -0.012019 0.033154
v -0.015853 -0.009842 0.031339
v -0.016236 -0.005357 0.049488
v -0.015969 -0.007472 0.048636
v -0.015819 -0.011730 0.035951
v -0.016303 -0.010725 0.034450
v -0.018653 -0.006826 0.031950
v -0.017817 -0.005749 0.047412
v -0.017449 -0.007186 0.046985
v -0.017909 -0.007769 0.045372
v -0.018403 -0.008233 0.043509
v -0.017985 -0.009572 0.041373
v -0.016789 -0.011312 0.038995
v -0.019252 -0.006240 0.044927
v -0.011204 -0.013245 0.042308
v -0.009874 -0.012428 0.046715
v -0.012831 -0.013025 0.041476
v -0.015950 -0.010532 0.044810
v -0.013122 -0.010421 0.048106
v -0.011481 -0.012449 0.042674
v -0.012701 -0.012170 0.042046
v -0.010390 -0.011608 0.045704
v -0.010507 -0.012275 0.044026
v -0.013816 -0.011685 0.042073
v -0.011384 -0.010786 0.046753
v -0.014701 -0.011222 0.042947
v -0.012806 -0.010367 0.046770
v -0.014973 -0.010765 0.044399
v -0.014211 -0.010395 0.045875
v -0.011650 -0.012699 0.042757
v -0.012837 -0.012466 0.042110
v -0.010518 -0.011929 0.045909
v -0.013993 -0.011930 0.042127
v -0.014943 -0.011392 0.043007
v -0.012965 -0.010554 0.046998
v -0.015261 -0.010890 0.044576
v -0.014421 -0.010525 0.046103
v -0.014575 -0.012370 0.040961
v -0.016318 -0.011041 0.042657
v -0.016411 -0.010051 0.045130
v -0.008529 -0.013535 0.044334
v -0.010328 -0.013982 0.041892
v -0.015250 -0.009636 0.047432
v -0.013125 -0.009929 0.049246
v -0.010651 -0.011109 0.049366
v -0.008626 -0.012597 0.047586
v -0.012625 -0.013644 0.040905
v -0.011258 -0.012152 0.044628
v -0.010938 -0.011606 0.045815
v -0.012058 -0.012399 0.043535
v -0.012928 -0.012221 0.042772
v -0.013679 -0.011909 0.042637
v -0.014222 -0.011713 0.043379
v -0.014186 -0.011461 0.044562
v -0.013526 -0.011148 0.045733
v -0.012538 -0.010899 0.046531
v -0.011519 -0.011034 0.046593
v -0.010664 -0.012557 0.044117
v -0.011589 -0.011121 0.046987
v -0.012738 -0.012160 0.042321
v -0.012095 -0.012359 0.042291
v -0.011608 -0.012409 0.042954
v -0.010708 -0.012220 0.044212
v -0.010289 -0.012008 0.044884
v -0.010556 -0.011591 0.045722
v -0.010928 -0.012422 0.043262
v -0.013738 -0.011760 0.042323
v -0.013277 -0.011941 0.041970
v -0.010767 -0.011186 0.046358
v -0.011422 -0.010862 0.046693
v -0.014514 -0.011402 0.043150
v -0.014300 -0.011440 0.042402
v -0.012087 -0.010501 0.046896
v -0.012728 -0.010555 0.046687
v -0.014687 -0.011015 0.044483
v -0.014960 -0.011001 0.043634
v -0.013531 -0.010334 0.046416
v -0.013981 -0.010673 0.045832
v -0.014703 -0.010546 0.045165
v -0.012156 -0.011273 0.046291
v -0.011611 -0.011186 0.046499
v -0.012862 -0.011642 0.045508
v -0.013519 -0.011933 0.044474
v -0.013643 -0.012034 0.042881
v -0.013289 -0.012212 0.043214
v -0.012762 -0.012269 0.044119
v -0.012058 -0.012002 0.045126
v -0.011529 -0.011549 0.046007
v -0.014393 -0.012200 0.041495
v -0.016584 -0.010458 0.043881
v -0.015796 -0.011324 0.042858
v -0.009231 -0.013714 0.042944
v -0.009924 -0.013058 0.044166
v -0.014254 -0.009700 0.048494
v -0.014880 -0.010137 0.046742
v -0.009484 -0.011889 0.048707
v -0.011317 -0.011378 0.048163
v -0.008288 -0.013171 0.046022
v -0.011506 -0.013993 0.041256
v -0.013607 -0.013049 0.040792
v -0.015987 -0.009747 0.046271
v -0.011921 -0.010432 0.049571
v -0.015671 -0.011771 0.041642
v -0.016972 -0.010464 0.042123
v -0.014890 -0.012637 0.040000
v -0.016973 -0.009153 0.045354
v -0.009315 -0.014411 0.041030
v -0.006680 -0.013847 0.044017
v -0.012845 -0.008761 0.050302
v -0.015620 -0.008715 0.048135
v -0.006650 -0.012101 0.048281
v -0.009571 -0.010187 0.050456
v -0.012288 -0.014192 0.039887
v -0.011008 -0.011905 0.045235
v -0.011625 -0.012328 0.044052
v -0.012505 -0.012350 0.043101
v -0.013298 -0.012064 0.042588
v -0.014013 -0.011791 0.042924
v -0.014284 -0.011607 0.043949
v -0.013927 -0.011301 0.045169
v -0.013044 -0.011009 0.046199
v -0.012038 -0.010880 0.046678
v -0.011104 -0.011303 0.046278
v -0.011106 -0.012673 0.043339
v -0.010952 -0.011540 0.046583
v -0.010430 -0.012296 0.045029
v -0.012235 -0.012639 0.042363
v -0.013429 -0.012217 0.042028
v -0.014510 -0.011649 0.042450
v -0.015225 -0.011141 0.043749
v -0.014968 -0.010656 0.045383
v -0.013693 -0.010476 0.046650
v -0.012273 -0.010766 0.047110
v -0.012183 -0.012331 0.042573
v -0.010497 -0.011949 0.044983
v -0.011096 -0.012375 0.043511
v -0.013254 -0.011965 0.042225
v -0.010870 -0.011213 0.046318
v -0.014172 -0.011572 0.042643
v -0.012074 -0.010631 0.046819
v -0.014706 -0.011220 0.043786
v -0.013384 -0.010583 0.046348
v -0.014439 -0.010818 0.045182
v -0.011956 -0.011112 0.046528
v -0.012485 -0.011456 0.045945
v -0.013222 -0.011798 0.045004
v -0.013713 -0.012011 0.043942
v -0.013395 -0.012138 0.042896
v -0.013063 -0.012278 0.043638
v -0.012410 -0.012167 0.044620
v -0.011750 -0.011783 0.045600
v -0.011378 -0.011373 0.046277
v -0.015202 -0.011782 0.042026
v -0.016041 -0.010890 0.043817
v -0.010494 -0.013190 0.043097
v -0.013993 -0.010178 0.047544
v -0.010483 -0.011963 0.047638
v -0.009655 -0.012772 0.045446
v -0.012019 -0.013262 0.041784
v -0.013620 -0.012622 0.041367
v -0.015577 -0.010268 0.045788
v -0.012232 -0.010830 0.048328
v -0.016109 -0.011605 0.040660
v -0.017265 -0.009607 0.043746
v -0.007664 -0.014369 0.042346
v -0.014377 -0.008624 0.049357
v -0.007946 -0.011116 0.049632
v -0.006232 -0.013145 0.046445
v -0.010865 -0.014478 0.040187
v -0.013574 -0.013432 0.039843
v -0.016417 -0.008865 0.046832
v -0.011231 -0.009373 0.050678
v -0.013802 -0.012022 0.043456
v -0.013846 -0.011980 0.043108
v -0.018197 -0.008125 0.034160
v -0.019078 -0.008682 0.040916
v -0.019974 -0.005800 0.043536
v -0.017232 -0.011215 0.038390
v -0.020726 -0.006789 0.037572
v -0.020581 -0.006518 0.037279
v -0.020282 -0.008634 0.040553
v -0.018252 -0.010463 0.034685
v -0.019572 -0.008028 0.034198
v -0.021564 -0.008928 0.040890
v -0.017533 -0.011642 0.036117
v -0.017771 -0.011469 0.038247
v -0.020005 -0.011713 0.038160
v -0.021515 -0.008170 0.034436
v -0.020496 -0.011650 0.037384
v -0.020482 -0.011318 0.036562
v -0.026379 -0.008138 0.035227
v -0.024737 -0.009417 0.035071
v -0.025840 -0.011111 0.041587
v -0.027876 -0.008435 0.044316
v -0.022447 -0.008022 0.038144
v -0.021973 -0.007593 0.036768
v -0.021783 -0.010830 0.039861
v -0.022701 -0.009147 0.041565
v -0.022275 -0.010315 0.037509
v -0.023747 -0.008807 0.038812
v -0.021597 -0.011496 0.037832
v -0.023706 -0.009137 0.042477
v -0.024519 -0.008895 0.043423
v -0.023973 -0.010519 0.038764
v -0.025896 -0.010255 0.040780
v -0.024766 -0.009203 0.039631
v -0.025884 -0.009312 0.040766
v -0.023642 -0.011512 0.039136
v -0.023198 -0.008205 0.034481
v -0.022192 -0.010526 0.036333
v -0.023985 -0.008104 0.034252
v -0.023533 -0.011654 0.040026
v -0.019856 -0.005757 0.033850
v -0.020503 -0.006721 0.037209
v -0.020807 -0.006628 0.037084
v -0.020982 -0.005357 0.037524
v -0.019709 -0.008546 0.040588
v -0.020817 -0.006095 0.034010
v -0.019515 -0.007390 0.042194
v -0.020741 -0.007622 0.041989
v -0.020907 -0.008788 0.040728
v -0.017399 -0.011778 0.037250
v -0.018875 -0.011673 0.038300
v -0.018673 -0.011860 0.036175
v -0.020565 -0.008110 0.034317
v -0.022561 -0.006132 0.034303
v -0.022008 -0.007973 0.041983
v -0.020462 -0.011675 0.036853
v -0.020162 -0.011811 0.036098
v -0.026088 -0.008183 0.034454
v -0.026921 -0.007146 0.034950
v -0.025358 -0.010896 0.042376
v -0.026784 -0.010176 0.043263
v -0.021679 -0.008726 0.037566
v -0.021286 -0.007419 0.037920
v -0.021374 -0.007076 0.036969
v -0.021447 -0.008951 0.036845
v -0.022691 -0.005799 0.036570
v -0.022224 -0.009045 0.041093
v -0.021541 -0.010011 0.037191
v -0.023026 -0.009510 0.038038
v -0.023207 -0.008418 0.038381
v -0.021812 -0.011023 0.037480
v -0.020809 -0.010706 0.036869
v -0.020876 -0.011407 0.037630
v -0.022897 -0.007493 0.039277
v -0.024251 -0.008180 0.039952
v -0.024161 -0.009022 0.042997
v -0.024875 -0.010552 0.039642
v -0.025891 -0.009723 0.040743
v -0.025379 -0.009304 0.040222
v -0.024319 -0.009880 0.039115
v -0.023759 -0.011103 0.038778
v -0.024710 -0.011572 0.040136
v -0.025901 -0.010774 0.041062
v -0.023969 -0.008355 0.043152
v -0.024801 -0.008347 0.043953
v -0.025157 -0.008526 0.040661
v -0.026299 -0.008768 0.041489
v -0.026804 -0.009373 0.042004
v -0.022396 -0.008225 0.034524
v -0.022006 -0.010655 0.035943
v -0.021238 -0.010755 0.036464
v -0.022779 -0.007830 0.036688
v -0.023024 -0.009110 0.036726
v -0.023940 -0.006594 0.034258
v -0.024291 -0.006316 0.036242
v -0.023539 -0.010166 0.036144
v -0.023331 -0.010189 0.035608
v -0.023792 -0.009126 0.036580
v -0.025147 -0.009273 0.035603
v -0.025101 -0.008097 0.034173
v -0.023121 -0.008290 0.042383
v -0.024246 -0.009052 0.039190
v -0.022600 -0.011581 0.038284
v -0.021568 -0.011619 0.038680
v -0.023221 -0.009177 0.041999
v -0.023059 -0.010458 0.037890
v -0.024850 -0.009959 0.043032
v -0.023335 -0.010743 0.041176
v -0.020236 -0.010879 0.039221
v -0.018495 -0.010575 0.038860
v -0.020437 -0.010354 0.035070
v -0.022328 -0.010172 0.035039
v -0.021013 -0.006100 0.043384
v -0.022464 -0.006484 0.042887
v -0.023774 -0.006921 0.042822
v -0.024495 -0.007106 0.043362
v -0.025292 -0.007226 0.044174
v -0.026352 -0.007723 0.044956
v -0.027309 -0.008230 0.044882
v -0.027761 -0.008125 0.042918
v -0.026955 -0.007705 0.041964
v -0.025699 -0.007338 0.040898
v -0.024725 -0.006991 0.040177
v -0.023362 -0.006544 0.039517
v -0.026244 -0.008029 0.035718
v -0.020880 -0.010619 0.036730
v -0.022609 -0.010067 0.036515
v -0.020725 -0.006977 0.037253
v -0.021216 -0.005311 0.037033
v -0.021320 -0.005821 0.038305
v -0.020033 -0.007447 0.042113
v -0.018509 -0.012153 0.037320
v -0.019356 -0.010460 0.034738
v -0.021640 -0.006200 0.034120
v -0.021376 -0.007808 0.041998
v -0.019699 -0.012031 0.037140
v -0.026632 -0.007032 0.034018
v -0.026215 -0.009893 0.043887
v -0.021244 -0.007827 0.037107
v -0.021882 -0.005508 0.036757
v -0.022295 -0.009206 0.037865
v -0.020983 -0.010802 0.037206
v -0.023644 -0.007859 0.039617
v -0.025074 -0.009929 0.039852
v -0.024771 -0.011159 0.039695
v -0.024390 -0.008322 0.043574
v -0.025739 -0.008649 0.041134
v -0.026628 -0.009022 0.041709
v -0.021429 -0.010252 0.035146
v -0.021008 -0.010936 0.036105
v -0.022184 -0.009048 0.036736
v -0.023258 -0.006413 0.034309
v -0.023510 -0.006072 0.036450
v -0.024611 -0.006707 0.034066
v -0.025571 -0.006714 0.036143
v -0.024474 -0.008394 0.036319
v -0.025768 -0.006857 0.033804
v -0.022656 -0.008110 0.042034
v -0.024702 -0.008385 0.040264
v -0.022610 -0.011664 0.039181
v -0.023644 -0.009740 0.038508
v -0.025549 -0.009114 0.044172
v -0.024088 -0.010479 0.042050
v -0.020957 -0.010787 0.039445
v -0.019446 -0.010800 0.039084
v -0.016688 -0.011464 0.037226
v -0.023385 -0.009699 0.034844
v -0.020382 -0.005972 0.043549
v -0.021664 -0.006276 0.043179
v -0.023139 -0.006675 0.042744
v -0.024190 -0.007052 0.043042
v -0.024854 -0.007155 0.043745
v -0.027911 -0.008357 0.043596
v -0.027478 -0.007891 0.042395
v -0.026289 -0.007521 0.041424
v -0.025215 -0.007174 0.040493
v -0.024115 -0.006773 0.039866
v -0.022131 -0.006100 0.039034
v -0.026750 -0.007099 0.035535
v -0.021643 -0.010300 0.036590
v -0.020685 -0.011535 0.038424
v -0.023783 -0.009750 0.036381
v -0.022725 -0.011143 0.037893
v -0.024376 -0.011446 0.041092
v -0.025197 -0.009036 0.035914
v -0.026871 -0.009798 0.042536
v -0.024317 -0.009074 0.034544
v -0.017970 -0.010518 0.038707
v -0.021631 -0.006857 0.038826
v -0.023575 -0.008394 0.042754
v -0.022581 -0.010861 0.040444
v -0.021259 -0.009700 0.036779
v -0.023611 -0.008056 0.036648
v -0.025098 -0.007547 0.036184
v -0.024019 -0.007139 0.036431
v -0.023184 -0.006886 0.036550
v -0.022357 -0.006629 0.036659
v -0.021620 -0.006301 0.036831
v -0.021052 -0.006055 0.037068
v -0.020759 -0.006039 0.037426
v -0.020991 -0.006366 0.038028
v -0.018562 -0.006007 0.046086
v -0.015720 -0.012103 0.038085
v -0.017576 -0.009071 0.032632
v -0.016716 -0.011051 0.036237
v -0.017207 -0.009856 0.035052
v -0.019776 -0.006111 0.044087
v -0.019180 -0.007876 0.042609
v -0.018899 -0.009037 0.041022
v -0.017279 -0.011301 0.038765
v -0.016498 -0.011792 0.037703
v -0.016567 -0.011374 0.036161
v -0.017028 -0.010308 0.034869
v -0.018130 -0.008569 0.033602
v -0.020253 -0.011308 0.035863
v -0.019206 -0.011058 0.035241
v -0.019216 -0.011436 0.035491
v 0.008679 0.003617 0.036121
v -0.019260 -0.006593 0.033206
v 0.008012 0.001979 0.033065
v 0.007350 0.001076 0.031697
v 0.006478 0.000081 0.030548
v 0.005364 -0.000939 0.029408
v -0.015179 -0.006869 0.029199
v -0.016969 -0.006877 0.030359
v -0.016089 0.008177 0.045723
v -0.016458 0.008310 0.044637
v -0.016952 0.008151 0.043716
v -0.017515 0.007864 0.043025
v -0.016013 0.007749 0.046779
v -0.018104 0.007489 0.042551
v -0.016213 0.007074 0.047552
v -0.018597 0.006958 0.042254
v -0.016558 0.006236 0.047985
v -0.019006 0.006330 0.042137
v -0.016987 0.005420 0.048099
v -0.019375 0.005680 0.042228
v -0.017489 0.004741 0.047909
v -0.019734 0.005037 0.042632
v -0.018082 0.004195 0.047437
v -0.020013 0.004445 0.043297
v -0.018773 0.003794 0.046753
v -0.020023 0.003993 0.044116
v -0.019373 0.003615 0.045913
v -0.019806 0.003703 0.045010
v -0.011427 -0.012972 0.042533
v -0.010799 -0.012932 0.043218
v -0.010294 -0.012807 0.044142
v -0.010043 -0.012534 0.045237
v -0.012127 -0.012951 0.042073
v -0.010196 -0.012179 0.046312
v -0.012835 -0.012745 0.041793
v -0.010718 -0.011751 0.047111
v -0.013524 -0.012419 0.041697
v -0.011453 -0.011250 0.047575
v -0.014193 -0.012065 0.041809
v -0.012253 -0.010798 0.047719
v -0.014842 -0.011722 0.042242
v -0.013043 -0.010487 0.047552
v -0.015345 -0.011389 0.042948
v -0.013843 -0.010327 0.047097
v -0.015600 -0.011053 0.043775
v -0.014650 -0.010331 0.046422
v -0.015588 -0.010734 0.044674
v -0.015273 -0.010462 0.045585
v 0.004221 -0.014789 0.020667
v 0.004187 -0.016300 0.019285
v 0.004321 -0.017209 0.018893
v 0.003095 -0.012736 0.000017
v 0.003106 -0.014294 0.000519
v 0.003206 -0.015627 0.001431
v 0.003436 -0.016643 0.002679
v 0.003811 -0.017392 0.004087
v 0.003718 -0.018307 0.005601
v 0.003647 -0.018839 0.006439
v 0.003542 -0.019322 0.007664
v 0.003495 -0.019671 0.009011
v 0.003605 -0.019855 0.010391
v 0.003782 -0.019887 0.011796
v 0.003951 -0.019802 0.013193
v 0.004072 -0.019581 0.014527
v 0.004129 -0.019234 0.015746
v 0.004164 -0.018724 0.016867
v 0.004268 -0.018035 0.017951
v 0.003933 -0.013133 0.022031
v 0.003269 -0.011810 0.023068
v 0.002539 -0.010407 0.024007
v -0.015069 -0.002232 0.027136
v -0.015513 -0.002327 0.026488
v -0.016295 -0.002464 0.025929
v -0.017516 -0.002744 0.025227
v -0.018949 -0.002997 0.024213
v 0.008262 0.003471 0.034416
v 0.008580 0.003947 0.036062
v 0.004873 0.001119 0.028661
v 0.007721 0.002954 0.032821
v 0.006962 0.002328 0.031349
v 0.006010 0.001641 0.030019
v 0.025742 0.004070 0.006407
v 0.007802 0.004942 0.034463
v 0.008358 0.004682 0.036077
v 0.003746 0.005137 0.028927
v 0.007056 0.005137 0.032887
v 0.006108 0.005258 0.031408
v 0.004986 0.005273 0.030067
v -0.017819 -0.003081 0.029706
v -0.016309 -0.002583 0.028516
v 0.008743 0.008269 0.000078
v 0.006629 0.008932 0.000075
v 0.010279 0.007029 0.000080
v 0.011470 0.005368 0.000082
v 0.012593 0.002836 0.000084
v -0.006747 0.007781 0.000070
v -0.009389 0.006079 0.000068
v -0.000275 0.009362 0.000073
v -0.003276 0.008892 0.000071
v 0.003759 0.009386 0.000073
v -0.010841 0.003945 0.000070
v 0.002317 0.009571 0.000073
v -0.011599 0.001577 0.000079
v 0.012660 -0.001784 0.000082
v -0.011584 -0.001629 0.000077
v 0.007005 -0.009234 0.000074
v 0.009114 -0.008600 0.000078
v 0.011178 -0.007668 0.000082
v 0.012299 -0.005889 0.000083
v 0.012280 -0.003707 0.000081
v -0.009527 -0.006387 0.000072
v -0.006832 -0.008211 0.000077
v -0.003333 -0.009846 0.000081
v -0.000140 -0.010481 0.000082
v 0.003963 -0.010060 0.000077
v -0.010965 -0.004135 0.000072
v 0.002589 -0.010089 0.000077
v 0.000298 -0.000036 0.000085
v -0.016012 0.004429 0.028656
v 0.017703 0.000254 0.027658
v 0.015835 0.000606 0.000055
v 0.013508 0.000523 0.000081
v 0.021843 0.000094 0.029558
v 0.019664 0.000160 0.028987
v 0.020540 0.000602 0.001614
v 0.018284 0.000615 0.000616
v 0.022752 0.000558 0.002896
v 0.024598 0.000581 0.004548
v 0.026169 0.000595 0.006383
v 0.027343 0.000621 0.008480
v 0.028408 0.000634 0.011461
v 0.028959 0.000601 0.014737
v 0.028882 0.000600 0.017198
v 0.028509 0.000608 0.019830
v 0.027914 0.000554 0.022942
v 0.026273 0.000260 0.026862
v 0.024110 0.000110 0.028892
v 0.016206 0.000612 0.025754
v 0.014912 0.000708 0.024655
v 0.013462 0.000658 0.024067
v 0.011610 0.000615 0.023790
v 0.009542 0.000631 0.023938
v 0.004494 0.000906 0.024909
v 0.002713 0.001041 0.025584
v 0.002426 0.000957 0.026078
v 0.002700 0.001179 0.026698
v 0.003396 0.001684 0.027510
v 0.004549 0.002283 0.028553
v 0.005692 0.002712 0.029831
v 0.006688 0.003141 0.031217
v 0.007516 0.003515 0.032737
v 0.008134 0.003824 0.034370
v 0.008531 0.004105 0.036051
v 0.014066 0.016580 0.017789
v 0.011766 0.016205 0.018870
v 0.007654 0.018178 0.006136
v -0.000527 0.018232 0.005524
v 0.003621 0.018262 0.005588
v -0.010228 0.018116 0.009307
v -0.012003 0.017809 0.013898
v -0.009490 0.017129 0.018314
v 0.011871 -0.016311 0.018645
v 0.014374 -0.016597 0.017570
v 0.007622 -0.018219 0.006380
v -0.009889 -0.018189 0.009492
v -0.011433 -0.017940 0.013942
v -0.009177 -0.017235 0.018071
v 0.014599 0.016233 0.018085
v 0.012088 0.015895 0.019127
v 0.008418 0.015739 0.019476
v 0.004151 0.015728 0.019910
v 0.011916 0.017768 0.007238
v 0.014487 0.017618 0.009291
v 0.015907 0.017310 0.011687
v 0.016369 0.016995 0.014070
v 0.008149 0.017799 0.005669
v 0.015952 0.016637 0.016296
v -0.009335 0.017575 0.007118
v -0.005773 0.017579 0.005590
v -0.001037 0.017766 0.004900
v 0.003611 0.017844 0.004947
v -0.011683 0.017597 0.009061
v -0.013067 0.017517 0.011321
v -0.013516 0.017313 0.013781
v -0.012840 0.016961 0.016264
v -0.011068 0.016543 0.018419
v -0.000094 0.015683 0.020596
v -0.004566 0.015750 0.020765
v -0.008287 0.016116 0.019953
v 0.004166 -0.015759 0.019705
v 0.008601 -0.015748 0.019446
v 0.012314 -0.015956 0.018928
v 0.014938 -0.016294 0.017803
v 0.016515 -0.017043 0.013779
v 0.016006 -0.017302 0.011625
v 0.014446 -0.017556 0.009426
v 0.011841 -0.017704 0.007457
v 0.008222 -0.017782 0.005830
v 0.016195 -0.016706 0.015906
v 0.003749 -0.017895 0.004987
v -0.000857 -0.017860 0.004895
v -0.005622 -0.017633 0.005641
v -0.009184 -0.017563 0.007221
v -0.011484 -0.017531 0.009198
v -0.012800 -0.017445 0.011418
v -0.013194 -0.017240 0.013764
v -0.012558 -0.016934 0.016067
v -0.010914 -0.016559 0.018092
v -0.008296 -0.016146 0.019553
v -0.004652 -0.015779 0.020334
v -0.000068 -0.015727 0.020278
# Blender v2.68 (sub 0) OBJ File: ''
# www.blender.org
mtllib duck.mtl
o LOD3sp_LOD3spShape
vt 0.877975 0.397658
vt 0.873951 0.397664
vt 0.900103 0.397679
vt 0.870831 0.397671
vt 0.867889 0.397674
vt 0.931273 0.397662
vt 0.929288 0.397637
vt 0.865490 0.397668
vt 0.867711 0.397671
vt 0.868707 0.397667
vt 0.866606 0.398924
vt 0.871384 0.397619
vt 0.874160 0.398826
vt 0.878048 0.397558
vt 0.866060 0.397625
vt 0.860570 0.399008
vt 0.856321 0.399060
vt 0.862375 0.397683
vt 0.860024 0.397676
vt 0.853776 0.399148
vt 0.932361 0.401286
vt 0.944998 0.401429
vt 0.936097 0.404570
vt 0.948825 0.405179
vt 0.939922 0.398832
vt 0.928618 0.398828
vt 0.862287 0.401557
vt 0.870712 0.401462
vt 0.855482 0.401642
vt 0.858360 0.405349
vt 0.851030 0.405417
vt 0.867250 0.404976
vt 0.851008 0.401767
vt 0.848050 0.401779
vt 0.846214 0.405443
vt 0.842460 0.405195
vt 0.951482 0.401365
vt 0.945825 0.398800
vt 0.955814 0.405156
vt 0.939709 0.408955
vt 0.951716 0.409790
vt 0.943792 0.414167
vt 0.953940 0.414936
vt 0.854643 0.410095
vt 0.863781 0.409841
vt 0.847079 0.410021
vt 0.850892 0.415208
vt 0.843668 0.414845
vt 0.858319 0.415536
vt 0.959154 0.409842
vt 0.961426 0.415077
vt 0.955396 0.420505
vt 0.946551 0.419988
vt 0.948394 0.426244
vt 0.956245 0.426562
vt 0.962774 0.420748
vt 0.963626 0.426902
vt 0.947821 0.439136
vt 0.949156 0.432796
vt 0.955188 0.438695
vt 0.956416 0.432776
vt 0.963377 0.433055
vt 0.962074 0.438861
vt 0.939469 0.450342
vt 0.944673 0.445101
vt 0.949616 0.449137
vt 0.952905 0.444195
vt 0.959891 0.444199
vt 0.957210 0.449055
vt 0.928445 0.457630
vt 0.933041 0.454385
vt 0.940767 0.456994
vt 0.945196 0.453364
vt 0.954246 0.453493
vt 0.950166 0.457401
vt 0.877438 0.456074
vt 0.890333 0.455013
vt 0.881771 0.458050
vt 0.891902 0.457826
vt 0.885457 0.459788
vt 0.893433 0.460126
vt 0.902160 0.458193
vt 0.902038 0.460510
vt 0.902093 0.455956
vt 0.875073 0.458463
vt 0.870949 0.459563
vt 0.869348 0.456995
vt 0.865831 0.459946
vt 0.876379 0.459992
vt 0.880020 0.459819
vt 0.890696 0.462723
vt 0.889158 0.462546
vt 0.893089 0.462870
vt 0.245158 0.423975
vt 0.250110 0.468112
vt 0.148569 0.498875
vt 0.150442 0.543685
vt 0.595914 0.442419
vt 0.701364 0.364720
vt 0.595493 0.387203
vt 0.704143 0.312403
vt 0.757075 0.288915
vt 0.749567 0.262372
vt 0.302841 0.416173
vt 0.302959 0.373132
vt 0.224027 0.289653
vt 0.235580 0.359702
vt 0.134156 0.320572
vt 0.143764 0.429085
vt 0.298228 0.319321
vt 0.288073 0.263566
vt 0.342229 0.232442
vt 0.353643 0.285267
vt 0.355112 0.336459
vt 0.409212 0.301844
vt 0.416748 0.239090
vt 0.412385 0.174765
vt 0.371257 0.129527
vt 0.316583 0.183819
vt 0.312010 0.090946
vt 0.278107 0.146712
vt 0.258385 0.177707
vt 0.272238 0.213152
vt 0.842115 0.409869
vt 0.837426 0.409453
vt 0.838646 0.414482
vt 0.833434 0.414204
vt 0.345064 0.636086
vt 0.339502 0.673242
vt 0.283208 0.642063
vt 0.260986 0.672117
vt 0.331126 0.714598
vt 0.241009 0.715530
vt 0.847163 0.420560
vt 0.840709 0.419570
vt 0.839445 0.430603
vt 0.835030 0.428579
vt 0.843659 0.433436
vt 0.852464 0.422383
vt 0.835601 0.419062
vt 0.830596 0.418889
vt 0.831257 0.427506
vt 0.827802 0.427141
vt 0.326898 0.757163
vt 0.328393 0.797118
vt 0.233372 0.762934
vt 0.238410 0.805793
vt 0.866399 0.449489
vt 0.869211 0.447456
vt 0.876435 0.450731
vt 0.878828 0.448367
vt 0.861778 0.461251
vt 0.863290 0.455790
vt 0.869445 0.454182
vt 0.798670 0.019963
vt 0.720188 0.090411
vt 0.815355 0.094326
vt 0.722678 0.141004
vt 0.586596 0.164171
vt 0.591566 0.221736
vt 0.919848 0.462088
vt 0.924400 0.459418
vt 0.932799 0.462552
vt 0.936505 0.460001
vt 0.914853 0.457033
vt 0.912969 0.458780
vt 0.911051 0.461039
vt 0.945951 0.460521
vt 0.941970 0.463070
vt 0.896594 0.462992
vt 0.902819 0.462828
vt 0.775513 0.183818
vt 0.714664 0.225413
vt 0.594393 0.311859
vt 0.240207 0.064107
vt 0.220228 0.127313
vt 0.137886 0.045291
vt 0.134162 0.116701
vt 0.209620 0.176711
vt 0.132836 0.176022
vt 0.803506 0.201004
vt 0.853165 0.100422
vt 0.393776 0.367451
vt 0.346805 0.380154
vt 0.214240 0.228892
vt 0.133514 0.241035
vt 0.939147 0.464980
vt 0.930869 0.464578
vt 0.937502 0.466649
vt 0.929700 0.466322
vt 0.911763 0.464455
vt 0.904647 0.464520
vt 0.910929 0.462701
vt 0.906026 0.466148
vt 0.912450 0.466086
vt 0.920833 0.464349
vt 0.920890 0.466118
vt 0.899670 0.464526
vt 0.896490 0.464450
vt 0.897930 0.466107
vt 0.901270 0.466162
vt 0.924570 0.397524
vt 0.934172 0.397517
vt 0.901960 0.397532
vt 0.912366 0.397543
vt 0.902477 0.398810
vt 0.914428 0.398827
vt 0.887934 0.397535
vt 0.886084 0.398748
vt 0.939158 0.397548
vt 0.916553 0.401268
vt 0.903345 0.401161
vt 0.904419 0.404260
vt 0.918892 0.404595
vt 0.883770 0.401252
vt 0.880927 0.404722
vt 0.600870 0.640918
vt 0.595916 0.679782
vt 0.517366 0.634965
vt 0.510699 0.676291
vt 0.593633 0.724091
vt 0.505796 0.719121
vt 0.905488 0.424961
vt 0.912357 0.424967
vt 0.905294 0.428912
vt 0.913340 0.429138
vt 0.911087 0.422154
vt 0.905906 0.421495
vt 0.587548 0.772055
vt 0.501279 0.762876
vt 0.497144 0.804816
vt 0.579229 0.819401
vt 0.904076 0.437412
vt 0.904780 0.433190
vt 0.911884 0.438770
vt 0.913199 0.433998
vt 0.570764 0.860428
vt 0.494669 0.842655
vt 0.495808 0.877438
vt 0.568980 0.893979
vt 0.903210 0.444063
vt 0.903361 0.441071
vt 0.908067 0.444769
vt 0.909872 0.442542
vt 0.918142 0.453706
vt 0.902496 0.453271
vt 0.928783 0.450398
vt 0.935730 0.445715
vt 0.939896 0.439756
vt 0.941415 0.433124
vt 0.940295 0.426582
vt 0.937084 0.420446
vt 0.931618 0.414911
vt 0.921769 0.409549
vt 0.905101 0.407893
vt 0.876573 0.409920
vt 0.866307 0.415598
vt 0.859425 0.421874
vt 0.854503 0.429219
vt 0.853866 0.435555
vt 0.855666 0.441340
vt 0.846009 0.439206
vt 0.849189 0.444410
vt 0.859693 0.446280
vt 0.853635 0.449316
vt 0.859396 0.453185
vt 0.333511 0.830512
vt 0.255441 0.838224
vt 0.335539 0.859065
vt 0.275714 0.857682
vt 0.889827 0.451740
vt 0.862926 0.421743
vt 0.859205 0.428005
vt 0.137030 0.645509
vt 0.099669 0.709478
vt 0.114209 0.644610
vt 0.072436 0.710311
vt 0.217381 0.600094
vt 0.193334 0.589335
vt 0.869662 0.416377
vt 0.857993 0.434235
vt 0.859086 0.440054
vt 0.083907 0.774978
vt 0.093256 0.834193
vt 0.056643 0.778851
vt 0.067488 0.842396
vt 0.916008 0.412068
vt 0.903601 0.410265
vt 0.543475 0.557405
vt 0.557800 0.533271
vt 0.655545 0.572596
vt 0.685834 0.551732
vt 0.910530 0.415402
vt 0.913091 0.413541
vt 0.918257 0.418305
vt 0.921836 0.416936
vt 0.925340 0.416062
vt 0.879532 0.412275
vt 0.318062 0.571086
vt 0.304302 0.551225
vt 0.931494 0.421140
vt 0.923547 0.422692
vt 0.927682 0.421785
vt 0.926515 0.428111
vt 0.931209 0.427509
vt 0.935120 0.427050
vt 0.936295 0.433481
vt 0.927320 0.434037
vt 0.932331 0.433786
vt 0.925669 0.439922
vt 0.930432 0.440034
vt 0.934525 0.439972
vt 0.912845 0.451737
vt 0.922595 0.449614
vt 0.907361 0.448978
vt 0.915126 0.447877
vt 0.909842 0.450414
vt 0.918684 0.448912
vt 0.515560 0.943140
vt 0.618068 0.949096
vt 0.529717 0.959537
vt 0.647404 0.965201
vt 0.901128 0.451294
vt 0.929882 0.445604
vt 0.921412 0.444811
vt 0.925747 0.445329
vt 0.862632 0.444730
vt 0.194162 0.909528
vt 0.176891 0.924466
vt 0.127886 0.880246
vt 0.105635 0.892789
vt 0.298575 0.918513
vt 0.289302 0.932026
vt 0.410040 0.927663
vt 0.412647 0.940987
vt 0.152917 0.714025
vt 0.188039 0.660899
vt 0.251002 0.622891
vt 0.148083 0.821618
vt 0.139091 0.770988
vt 0.624566 0.605374
vt 0.529124 0.594060
vt 0.907910 0.418325
vt 0.914417 0.420366
vt 0.333860 0.602351
vt 0.918293 0.424021
vt 0.920590 0.428770
vt 0.920879 0.434155
vt 0.919487 0.439514
vt 0.911345 0.446349
vt 0.904990 0.446728
vt 0.503730 0.914675
vt 0.590033 0.923870
vt 0.916084 0.443813
vt 0.174218 0.860862
vt 0.232830 0.882474
vt 0.318561 0.890705
vt 0.412205 0.900441
vt 0.414872 0.864697
vt 0.414169 0.832004
vt 0.413463 0.796679
vt 0.414763 0.757000
vt 0.418623 0.715141
vt 0.424042 0.673740
vt 0.428561 0.633258
vt 0.429426 0.594048
vt 0.429051 0.559095
vt 0.429259 0.535162
vt 0.891421 0.410387
vt 0.891335 0.407994
vt 0.892300 0.404278
vt 0.892667 0.401108
vt 0.892803 0.398753
vt 0.893101 0.397518
vt 0.953337 0.401538
vt 0.958091 0.405199
vt 0.947500 0.399036
vt 0.961860 0.409791
vt 0.964499 0.415028
vt 0.966120 0.420717
vt 0.967305 0.426924
vt 0.967388 0.433074
vt 0.966427 0.438883
vt 0.964510 0.444202
vt 0.961861 0.448940
vt 0.958944 0.453645
vt 0.955428 0.457592
vt 0.951844 0.460785
vt 0.948132 0.463506
vt 0.945008 0.465414
vt 0.942800 0.466896
vt 0.940897 0.397660
vt 0.894646 0.464377
vt 0.893748 0.464327
vt 0.895819 0.465909
vt 0.894732 0.465707
vt 0.898046 0.468336
vt 0.895591 0.467749
vt 0.894211 0.467377
vt 0.892528 0.469525
vt 0.894053 0.470321
vt 0.897020 0.472125
vt 0.906461 0.468060
vt 0.901761 0.468217
vt 0.901883 0.471147
vt 0.906501 0.470456
vt 0.912592 0.467918
vt 0.912253 0.470089
vt 0.920674 0.470154
vt 0.920682 0.467923
vt 0.929876 0.470181
vt 0.929300 0.468129
vt 0.937020 0.468441
vt 0.938213 0.470896
vt 0.942275 0.468514
vt 0.942757 0.470744
vt 0.890006 0.449500
vt 0.859393 0.397599
vt 0.852976 0.399065
vt 0.847065 0.401675
vt 0.841270 0.405026
vt 0.953466 0.401386
vt 0.958188 0.405089
vt 0.947588 0.398916
vt 0.961862 0.409747
vt 0.964391 0.415022
vt 0.965926 0.420729
vt 0.967068 0.426923
vt 0.967242 0.433135
vt 0.966314 0.439008
vt 0.964406 0.444378
vt 0.961584 0.449120
vt 0.954279 0.457569
vt 0.958267 0.453722
vt 0.870463 0.459645
vt 0.869977 0.459728
vt 0.865611 0.460368
vt 0.865391 0.460791
vt 0.875883 0.460032
vt 0.875386 0.460071
vt 0.889107 0.462568
vt 0.889055 0.462590
vt 0.044392 0.517280
vt 0.043999 0.560029
vt 0.579657 0.457140
vt 0.472222 0.467543
vt 0.576570 0.399149
vt 0.470583 0.402538
vt 0.055194 0.327681
vt 0.048040 0.442488
vt 0.836433 0.409343
vt 0.832578 0.414030
vt 0.832317 0.414141
vt 0.829542 0.419704
vt 0.829240 0.419624
vt 0.456894 0.171519
vt 0.545104 0.178866
vt 0.459246 0.232082
vt 0.554780 0.242428
vt 0.861810 0.461905
vt 0.861843 0.462560
vt 0.950530 0.460750
vt 0.946775 0.463400
vt 0.468306 0.320445
vt 0.572701 0.325840
vt 0.057144 0.041836
vt 0.056343 0.115320
vt 0.056323 0.176259
vt 0.056512 0.244825
vt 0.943577 0.465237
vt 0.941527 0.466697
vt 0.893773 0.464335
vt 0.893798 0.464342
vt 0.894526 0.465626
vt 0.894385 0.465571
vt 0.940912 0.397604
vt 0.893807 0.467247
vt 0.893563 0.467166
vt 0.891985 0.469369
vt 0.891535 0.469419
vt 0.940762 0.470517
vt 0.940364 0.468392
vt 0.866236 0.398834
vt 0.873711 0.398813
vt 0.870971 0.397493
vt 0.877506 0.397514
vt 0.860032 0.398872
vt 0.865522 0.397455
vt 0.856026 0.399014
vt 0.861954 0.397568
vt 0.853853 0.399094
vt 0.860159 0.397664
vt 0.948546 0.405179
vt 0.944496 0.401457
vt 0.935431 0.404681
vt 0.931632 0.401375
vt 0.939488 0.398861
vt 0.927974 0.398901
vt 0.870657 0.401504
vt 0.861966 0.401526
vt 0.855096 0.401600
vt 0.850751 0.405417
vt 0.858121 0.405363
vt 0.867731 0.405188
vt 0.850561 0.401575
vt 0.848094 0.401586
vt 0.842791 0.404957
vt 0.845766 0.405198
vt 0.945500 0.398818
vt 0.951158 0.401375
vt 0.955535 0.405156
vt 0.953600 0.414936
vt 0.951437 0.409790
vt 0.942950 0.414410
vt 0.938847 0.409148
vt 0.863906 0.410047
vt 0.854469 0.410101
vt 0.846800 0.410021
vt 0.843291 0.414792
vt 0.850618 0.415218
vt 0.858112 0.415702
vt 0.958875 0.409842
vt 0.961147 0.415077
vt 0.955100 0.420509
vt 0.945887 0.420220
vt 0.955942 0.426574
vt 0.947818 0.426423
vt 0.962495 0.420748
vt 0.963347 0.426902
vt 0.947179 0.438896
vt 0.955415 0.438781
vt 0.948355 0.432791
vt 0.956270 0.432802
vt 0.963455 0.433109
vt 0.962550 0.439010
vt 0.939730 0.449457
vt 0.950281 0.449152
vt 0.944309 0.444589
vt 0.953464 0.444290
vt 0.960647 0.444424
vt 0.957836 0.449233
vt 0.928866 0.456683
vt 0.941589 0.457208
vt 0.933669 0.453285
vt 0.946319 0.453375
vt 0.954103 0.453514
vt 0.949874 0.457416
vt 0.877353 0.455968
vt 0.882269 0.458025
vt 0.890577 0.455047
vt 0.892317 0.457757
vt 0.886684 0.460112
vt 0.894230 0.460211
vt 0.902677 0.460467
vt 0.902670 0.458019
vt 0.902808 0.455334
vt 0.865825 0.458435
vt 0.871446 0.458982
vt 0.869597 0.456984
vt 0.875200 0.458466
vt 0.877063 0.460000
vt 0.880928 0.460060
vt 0.890358 0.462714
vt 0.889224 0.462652
vt 0.892541 0.462593
vt 0.253473 0.420340
vt 0.198325 0.471074
vt 0.257191 0.464291
vt 0.201641 0.514357
vt 0.644363 0.422582
vt 0.643061 0.366324
vt 0.703499 0.366966
vt 0.703370 0.314326
vt 0.745969 0.267070
vt 0.753820 0.293297
vt 0.305266 0.371658
vt 0.304409 0.414784
vt 0.230885 0.286168
vt 0.167912 0.306331
vt 0.242536 0.354324
vt 0.188981 0.401339
vt 0.300813 0.317790
vt 0.290984 0.262458
vt 0.343946 0.231017
vt 0.355397 0.284532
vt 0.356783 0.335152
vt 0.414764 0.292810
vt 0.419941 0.236001
vt 0.413771 0.173263
vt 0.370421 0.125545
vt 0.313385 0.086563
vt 0.319456 0.180460
vt 0.282902 0.142155
vt 0.261679 0.175104
vt 0.275739 0.211488
vt 0.841603 0.409572
vt 0.838159 0.409243
vt 0.834209 0.413908
vt 0.837981 0.414182
vt 0.352720 0.639241
vt 0.294558 0.645659
vt 0.348213 0.675519
vt 0.274212 0.673847
vt 0.253789 0.714174
vt 0.339072 0.715472
vt 0.846514 0.420792
vt 0.839885 0.419736
vt 0.834481 0.428371
vt 0.838869 0.430451
vt 0.843430 0.433385
vt 0.852102 0.422532
vt 0.834732 0.419195
vt 0.830666 0.418987
vt 0.827717 0.426976
vt 0.830662 0.427303
vt 0.241492 0.801977
vt 0.330569 0.796358
vt 0.241562 0.759109
vt 0.332348 0.756954
vt 0.878346 0.448288
vt 0.868619 0.446935
vt 0.875777 0.450429
vt 0.865577 0.448677
vt 0.860982 0.459109
vt 0.863516 0.455972
vt 0.868771 0.453598
vt 0.797949 0.022112
vt 0.816816 0.093012
vt 0.715991 0.092651
vt 0.720595 0.147032
vt 0.636546 0.210325
vt 0.627672 0.148444
vt 0.919955 0.462087
vt 0.933215 0.462650
vt 0.924520 0.459410
vt 0.936971 0.460171
vt 0.915797 0.455832
vt 0.913434 0.458571
vt 0.911682 0.460937
vt 0.945768 0.460575
vt 0.941689 0.463136
vt 0.897291 0.462545
vt 0.903757 0.462585
vt 0.772502 0.189202
vt 0.711355 0.231084
vt 0.641706 0.289174
vt 0.247515 0.059560
vt 0.175872 0.043369
vt 0.230266 0.122298
vt 0.166908 0.113803
vt 0.162066 0.173298
vt 0.220575 0.173418
vt 0.800674 0.205793
vt 0.855305 0.094200
vt 0.399643 0.347472
vt 0.348371 0.378515
vt 0.223314 0.226619
vt 0.162858 0.235961
vt 0.938505 0.464915
vt 0.930828 0.464538
vt 0.929084 0.466249
vt 0.936418 0.466469
vt 0.904992 0.464496
vt 0.911714 0.462545
vt 0.912260 0.464434
vt 0.906001 0.466171
vt 0.912549 0.466198
vt 0.920438 0.466178
vt 0.920682 0.464371
vt 0.899694 0.464496
vt 0.896238 0.464476
vt 0.897673 0.466070
vt 0.901142 0.466120
vt 0.933851 0.397545
vt 0.924135 0.397565
vt 0.901567 0.397461
vt 0.902111 0.398787
vt 0.911927 0.397463
vt 0.913998 0.398826
vt 0.885568 0.398789
vt 0.887707 0.397486
vt 0.939027 0.397536
vt 0.902897 0.401138
vt 0.916139 0.401275
vt 0.904075 0.404332
vt 0.918631 0.404656
vt 0.883077 0.401373
vt 0.880245 0.404983
vt 0.600135 0.641640
vt 0.519216 0.636196
vt 0.595756 0.680499
vt 0.513483 0.677706
vt 0.509018 0.719971
vt 0.595108 0.724198
vt 0.912942 0.429219
vt 0.912006 0.425106
vt 0.905419 0.428922
vt 0.905474 0.425025
vt 0.910791 0.422281
vt 0.905844 0.421559
vt 0.590769 0.769750
vt 0.503982 0.762367
vt 0.498249 0.802950
vt 0.581926 0.813498
vt 0.904305 0.436885
vt 0.911907 0.438227
vt 0.905052 0.432984
vt 0.913047 0.433844
vt 0.571758 0.851938
vt 0.493564 0.840197
vt 0.493370 0.874734
vt 0.568900 0.884732
vt 0.903203 0.443238
vt 0.908124 0.443775
vt 0.903445 0.440313
vt 0.909903 0.441649
vt 0.902850 0.452456
vt 0.918742 0.452460
vt 0.929033 0.449192
vt 0.935553 0.444785
vt 0.939489 0.439171
vt 0.940895 0.433027
vt 0.939916 0.426757
vt 0.936762 0.420698
vt 0.931211 0.415109
vt 0.904610 0.407951
vt 0.921344 0.409650
vt 0.876099 0.410269
vt 0.865754 0.416146
vt 0.858856 0.422274
vt 0.854080 0.429250
vt 0.848700 0.443676
vt 0.855252 0.440105
vt 0.845714 0.439016
vt 0.853622 0.434905
vt 0.852614 0.447663
vt 0.858958 0.445110
vt 0.858176 0.451853
vt 0.254385 0.836095
vt 0.333265 0.830744
vt 0.334347 0.859927
vt 0.274272 0.857068
vt 0.889824 0.451480
vt 0.858947 0.427844
vt 0.863033 0.422095
vt 0.160452 0.654158
vt 0.126019 0.649524
vt 0.111374 0.707428
vt 0.074711 0.707898
vt 0.232092 0.611555
vt 0.203545 0.598866
vt 0.869857 0.416948
vt 0.858451 0.439034
vt 0.857612 0.433475
vt 0.086444 0.767612
vt 0.053832 0.770468
vt 0.085639 0.828171
vt 0.059040 0.833261
vt 0.915613 0.412200
vt 0.903128 0.410252
vt 0.540600 0.554531
vt 0.653253 0.571690
vt 0.552741 0.532581
vt 0.682275 0.551691
vt 0.910336 0.415321
vt 0.917730 0.418674
vt 0.912790 0.413538
vt 0.921258 0.417307
vt 0.924944 0.416332
vt 0.879341 0.412694
vt 0.321928 0.578317
vt 0.305300 0.558373
vt 0.930972 0.421500
vt 0.922517 0.423241
vt 0.926792 0.422268
vt 0.925060 0.428584
vt 0.929895 0.427930
vt 0.934420 0.427304
vt 0.935453 0.433435
vt 0.925801 0.434263
vt 0.930838 0.433902
vt 0.924243 0.439743
vt 0.929152 0.439726
vt 0.933786 0.439455
vt 0.922618 0.448568
vt 0.913071 0.450609
vt 0.907300 0.448560
vt 0.909883 0.449686
vt 0.914720 0.447235
vt 0.918464 0.448158
vt 0.513713 0.938992
vt 0.528694 0.953445
vt 0.617347 0.944413
vt 0.647892 0.957038
vt 0.901060 0.450464
vt 0.929479 0.444749
vt 0.920523 0.444350
vt 0.924927 0.444695
vt 0.861743 0.443993
vt 0.191556 0.905473
vt 0.119561 0.876603
vt 0.173642 0.917872
vt 0.096090 0.886393
vt 0.296111 0.916924
vt 0.285563 0.930752
vt 0.407594 0.925155
vt 0.411737 0.936637
vt 0.175067 0.711347
vt 0.212659 0.665019
vt 0.264355 0.628942
vt 0.154483 0.814520
vt 0.154113 0.763611
vt 0.623018 0.605621
vt 0.528987 0.594894
vt 0.907779 0.418347
vt 0.914012 0.420577
vt 0.339791 0.607004
vt 0.917709 0.424320
vt 0.919641 0.429082
vt 0.919962 0.434273
vt 0.918588 0.439240
vt 0.911088 0.445577
vt 0.904848 0.446138
vt 0.588358 0.917245
vt 0.500784 0.908814
vt 0.915514 0.443200
vt 0.178893 0.855096
vt 0.233880 0.878659
vt 0.317203 0.888741
vt 0.409219 0.897533
vt 0.412456 0.865776
vt 0.413517 0.832907
vt 0.415303 0.797177
vt 0.419030 0.758087
vt 0.424284 0.717135
vt 0.429773 0.675932
vt 0.433166 0.635493
vt 0.431719 0.596003
vt 0.426262 0.535529
vt 0.428450 0.560105
vt 0.890897 0.408138
vt 0.891059 0.410492
vt 0.891880 0.404459
vt 0.892481 0.401195
vt 0.892744 0.398811
vt 0.892774 0.397499
vt 0.852987 0.399150
vt 0.859402 0.397672
vt 0.847027 0.401638
vt 0.841440 0.405030
vt 0.139391 0.505963
vt 0.140772 0.546375
vt 0.105327 0.324975
vt 0.131454 0.436403
vt 0.836758 0.409301
vt 0.826856 0.427241
vt 0.103269 0.042003
vt 0.100779 0.113050
vt 0.099208 0.173793
vt 0.099637 0.242841
vt 0.893304 0.464316
vt 0.894343 0.465793
vt 0.894093 0.464377
vt 0.895401 0.465971
vt 0.893628 0.467665
vt 0.890751 0.471053
vt 0.897653 0.467915
vt 0.895086 0.467874
vt 0.893376 0.470550
vt 0.896513 0.470318
vt 0.906138 0.467954
vt 0.901291 0.467913
vt 0.900442 0.470186
vt 0.905385 0.470181
vt 0.912382 0.468058
vt 0.911527 0.470316
vt 0.918635 0.470453
vt 0.919770 0.468076
vt 0.926488 0.470872
vt 0.927835 0.468189
vt 0.935282 0.468257
vt 0.935209 0.471328
vt 0.878197 0.500625
vt 0.878935 0.505269
vt 0.877915 0.500707
vt 0.878376 0.505430
vt 0.878490 0.500327
vt 0.879515 0.504678
vt 0.878776 0.499827
vt 0.880077 0.503685
vt 0.879041 0.499148
vt 0.880596 0.502336
vt 0.879273 0.498323
vt 0.881050 0.500691
vt 0.879461 0.497390
vt 0.881414 0.498833
vt 0.879595 0.496393
vt 0.881685 0.496848
vt 0.879673 0.495381
vt 0.881831 0.494834
vt 0.879688 0.494400
vt 0.881855 0.492886
vt 0.879641 0.493495
vt 0.881754 0.491093
vt 0.879517 0.492692
vt 0.881496 0.489502
vt 0.879256 0.491990
vt 0.880966 0.488128
vt 0.878724 0.491679
vt 0.879976 0.487255
vt 0.878985 0.491764
vt 0.880441 0.487544
vt 0.880259 0.509816
vt 0.879427 0.510054
vt 0.881118 0.508941
vt 0.881951 0.507469
vt 0.882719 0.505470
vt 0.883385 0.503037
vt 0.883918 0.500283
vt 0.884295 0.497337
vt 0.884501 0.494341
vt 0.884524 0.491438
vt 0.884373 0.488781
vt 0.883999 0.486461
vt 0.883210 0.484429
vt 0.882394 0.483424
vt 0.882124 0.514208
vt 0.881033 0.514520
vt 0.883251 0.513061
vt 0.884343 0.511133
vt 0.885349 0.508513
vt 0.886222 0.505324
vt 0.886921 0.501715
vt 0.887414 0.497854
vt 0.887677 0.493924
vt 0.887702 0.490113
vt 0.887496 0.486645
vt 0.886980 0.483610
vt 0.885938 0.480910
vt 0.884878 0.479558
vt 0.883170 0.518762
vt 0.884506 0.518380
vt 0.885883 0.516979
vt 0.887217 0.514621
vt 0.888447 0.511419
vt 0.889514 0.507521
vt 0.890369 0.503109
vt 0.890971 0.498390
vt 0.891293 0.493586
vt 0.891320 0.488919
vt 0.891054 0.484665
vt 0.890395 0.481066
vt 0.889190 0.477958
vt 0.887817 0.476052
vt 0.885807 0.522719
vt 0.887367 0.522273
vt 0.888975 0.520637
vt 0.890533 0.517885
vt 0.891968 0.514147
vt 0.893214 0.509596
vt 0.894212 0.504446
vt 0.894915 0.498938
vt 0.895291 0.493329
vt 0.895322 0.487882
vt 0.895000 0.482915
vt 0.894205 0.478779
vt 0.892842 0.475169
vt 0.891068 0.473073
vt 0.888906 0.526332
vt 0.890668 0.525829
vt 0.892483 0.523982
vt 0.894241 0.520876
vt 0.895861 0.516656
vt 0.897267 0.511520
vt 0.898394 0.505707
vt 0.899187 0.499489
vt 0.899612 0.493158
vt 0.899646 0.487009
vt 0.899286 0.481354
vt 0.898411 0.476638
vt 0.892421 0.529549
vt 0.894359 0.528996
vt 0.896354 0.526965
vt 0.898288 0.523550
vt 0.900069 0.518911
vt 0.901615 0.513263
vt 0.902854 0.506872
vt 0.903726 0.500036
vt 0.904193 0.493075
vt 0.904231 0.486314
vt 0.903834 0.480100
vt 0.902975 0.475040
vt 0.896302 0.532323
vt 0.898388 0.531728
vt 0.900534 0.529543
vt 0.902614 0.525869
vt 0.904531 0.520877
vt 0.906194 0.514801
vt 0.907527 0.507925
vt 0.908466 0.500570
vt 0.908967 0.493081
vt 0.909009 0.485806
vt 0.908572 0.479151
vt 0.907654 0.473824
vt 0.900491 0.534614
vt 0.902694 0.533986
vt 0.904960 0.531679
vt 0.907157 0.527799
vt 0.909181 0.522528
vt 0.910937 0.516111
vt 0.912345 0.508850
vt 0.913336 0.501084
vt 0.913866 0.493175
vt 0.913909 0.485494
vt 0.913460 0.478418
vt 0.912585 0.472851
vt 0.904927 0.536388
vt 0.907215 0.535736
vt 0.909569 0.533340
vt 0.911850 0.529311
vt 0.913952 0.523838
vt 0.915776 0.517175
vt 0.917237 0.509635
vt 0.918266 0.501570
vt 0.918854 0.493342
vt 0.918947 0.485357
vt 0.918440 0.478006
vt 0.917870 0.471971
vt 0.911914 0.537955
vt 0.914263 0.537286
vt 0.916678 0.534827
vt 0.919019 0.530693
vt 0.921175 0.525076
vt 0.923047 0.518239
vt 0.924546 0.510502
vt 0.925585 0.502224
vt 0.926227 0.493754
vt 0.926493 0.485583
vt 0.925762 0.478045
vt 0.924764 0.471485
vt 0.919062 0.538392
vt 0.921403 0.537724
vt 0.923810 0.535275
vt 0.926142 0.531156
vt 0.930338 0.525761
vt 0.931620 0.519674
vt 0.933283 0.512932
vt 0.932692 0.502839
vt 0.933977 0.494768
vt 0.934333 0.486371
vt 0.933206 0.478784
vt 0.931863 0.472204
vt 0.923820 0.537920
vt 0.926110 0.537268
vt 0.928464 0.534872
vt 0.932388 0.530343
vt 0.937335 0.506755
vt 0.941235 0.498334
vt 0.941521 0.487989
vt 0.940371 0.480184
vt 0.938481 0.473907
vt 0.928485 0.536884
vt 0.930691 0.536256
vt 0.934789 0.533043
vt 0.932989 0.535298
vt 0.935078 0.534703
vt 0.938368 0.532576
vt 0.947164 0.489068
vt 0.947066 0.497764
vt 0.946239 0.481893
vt 0.944283 0.476284
vt 0.937267 0.533185
vt 0.939209 0.532632
vt 0.941919 0.530982
vt 0.950271 0.497772
vt 0.950689 0.490156
vt 0.950340 0.483450
vt 0.948203 0.478162
vt 0.941256 0.530577
vt 0.943023 0.530074
vt 0.945589 0.528338
vt 0.953490 0.491089
vt 0.952472 0.498024
vt 0.953154 0.485389
vt 0.951415 0.480527
vt 0.944898 0.527510
vt 0.946464 0.527065
vt 0.948879 0.525086
vt 0.955336 0.498108
vt 0.955494 0.492270
vt 0.955142 0.488211
vt 0.954263 0.484425
vt 0.949389 0.475505
vt 0.954052 0.482326
vt 0.947570 0.475109
vt 0.943613 0.471998
vt 0.945693 0.473082
vt 0.949187 0.522238
vt 0.950577 0.521636
vt 0.951775 0.520708
vt 0.950886 0.519379
vt 0.952605 0.518141
vt 0.952742 0.516616
vt 0.954470 0.515316
vt 0.878125 0.495997
vt 0.699705 0.808301
vt 0.767751 0.813767
vt 0.710393 0.859091
vt 0.770203 0.857847
vt 0.670460 0.860010
vt 0.652167 0.800156
vt 0.732575 0.902022
vt 0.706983 0.910753
vt 0.776574 0.894725
vt 0.709069 0.706824
vt 0.772884 0.721001
vt 0.699610 0.756109
vt 0.769128 0.766819
vt 0.650715 0.739559
vt 0.665169 0.685443
vt 0.747389 0.629544
vt 0.781976 0.645207
vt 0.726035 0.663915
vt 0.777571 0.679447
vt 0.692510 0.641696
vt 0.725600 0.608173
vt 0.800844 0.613722
vt 0.782354 0.622030
vt 0.800842 0.598447
vt 0.770640 0.606739
vt 0.761516 0.586356
vt 0.801211 0.578120
vt 0.843418 0.585771
vt 0.884582 0.608278
vt 0.833474 0.606525
vt 0.861681 0.629270
vt 0.821482 0.621769
vt 0.826927 0.645008
vt 0.841154 0.721344
vt 0.835351 0.679466
vt 0.901508 0.709495
vt 0.885190 0.664947
vt 0.920582 0.644640
vt 0.946246 0.692573
vt 0.840491 0.814502
vt 0.842749 0.767471
vt 0.905321 0.811872
vt 0.908491 0.759591
vt 0.957769 0.748636
vt 0.953229 0.808266
vt 0.832824 0.894364
vt 0.836470 0.858222
vt 0.876480 0.901039
vt 0.893987 0.860506
vt 0.934495 0.863509
vt 0.904941 0.908789
vt 0.808557 0.928096
vt 0.833115 0.918674
vt 0.811165 0.939260
vt 0.850764 0.928355
vt 0.866017 0.939324
vt 0.815782 0.955298
vt 0.767445 0.930389
vt 0.781351 0.919619
vt 0.756778 0.947206
vt 0.943537 0.514246
vt 0.944979 0.511457
vt 0.944004 0.514141
vt 0.945299 0.511731
vt 0.946866 0.510467
vt 0.945612 0.512005
vt 0.946775 0.509925
vt 0.944125 0.524447
vt 0.943125 0.523168
vt 0.944265 0.522893
vt 0.943363 0.521760
vt 0.943213 0.518650
vt 0.943600 0.520352
vt 0.942839 0.519741
vt 0.942465 0.520831
vt 0.942508 0.517563
vt 0.943036 0.516979
vt 0.944472 0.514036
vt 0.943564 0.516394
vt 0.948503 0.507957
vt 0.948316 0.508687
vt 0.946664 0.509365
vt 0.949207 0.508705
vt 0.948096 0.509397
vt 0.949608 0.507910
vt 0.950009 0.507096
vt 0.951195 0.506751
vt 0.950679 0.507606
vt 0.950161 0.508443
vt 0.951005 0.508659
vt 0.951647 0.507843
vt 0.951744 0.509448
vt 0.952587 0.508900
vt 0.952323 0.510866
vt 0.953318 0.510638
vt 0.953444 0.508317
vt 0.952296 0.507042
vt 0.954069 0.512878
vt 0.953344 0.512779
vt 0.954198 0.510416
vt 0.952538 0.512757
vt 0.952220 0.514880
vt 0.952777 0.515115
vt 0.952001 0.518020
vt 0.951641 0.517475
vt 0.953314 0.515413
vt 0.951263 0.516984
vt 0.949848 0.518868
vt 0.950071 0.519673
vt 0.948367 0.522605
vt 0.948260 0.521460
vt 0.950291 0.520481
vt 0.948152 0.520315
vt 0.946642 0.521256
vt 0.946704 0.522693
vt 0.945370 0.524785
vt 0.945389 0.523190
vt 0.946766 0.524131
vt 0.945409 0.521595
vt 0.944404 0.521338
vt 0.678283 0.626368
vt 0.715348 0.591757
vt 0.648199 0.671421
vt 0.648584 0.866073
vt 0.628808 0.796368
vt 0.694447 0.921544
vt 0.627873 0.728326
vt 0.756739 0.569509
vt 0.801790 0.560389
vt 0.753465 0.960832
vt 0.819304 0.969461
vt 0.896919 0.591012
vt 0.849419 0.567507
vt 0.878442 0.952645
vt 0.925282 0.919811
vt 0.970524 0.680324
vt 0.939853 0.628765
vt 0.962143 0.870229
vt 0.978626 0.806509
vt 0.983346 0.741752
vt 0.947425 0.509189
vt 0.948517 0.508521
vt 0.946164 0.510225
vt 0.942852 0.515989
vt 0.943731 0.513771
vt 0.942484 0.518080
vt 0.944874 0.511783
vt 0.949456 0.508269
vt 0.950283 0.508511
vt 0.942699 0.519730
vt 0.943487 0.520694
vt 0.950990 0.509314
vt 0.951552 0.510694
vt 0.944633 0.521012
vt 0.946034 0.520645
vt 0.951791 0.512457
vt 0.951461 0.514432
vt 0.947604 0.519694
vt 0.949207 0.518265
vt 0.950530 0.516413
vt 0.954352 0.507334
vt 0.955064 0.510040
vt 0.953029 0.505660
vt 0.954691 0.513093
vt 0.953563 0.516187
vt 0.945738 0.508370
vt 0.942931 0.511155
vt 0.941124 0.514785
vt 0.948237 0.525023
vt 0.946042 0.527051
vt 0.950358 0.522206
vt 0.939919 0.523165
vt 0.940778 0.525984
vt 0.942236 0.527579
vt 0.940031 0.519157
vt 0.950380 0.505668
vt 0.948360 0.506655
vt 0.951792 0.505283
vt 0.952106 0.519194
vt 0.944080 0.527997
vt 0.955136 0.505085
vt 0.955458 0.508799
vt 0.953996 0.503048
vt 0.954947 0.512890
vt 0.953571 0.516724
vt 0.940392 0.509704
vt 0.943959 0.505926
vt 0.937487 0.514053
vt 0.946965 0.527152
vt 0.943743 0.529685
vt 0.949863 0.523920
vt 0.936263 0.528363
vt 0.934831 0.524989
vt 0.938515 0.530358
vt 0.935440 0.520327
vt 0.947235 0.504116
vt 0.949823 0.503295
vt 0.952034 0.502955
vt 0.951882 0.520410
vt 0.941028 0.530790
vt 0.956376 0.507194
vt 0.956255 0.501869
vt 0.955436 0.512282
vt 0.953780 0.516679
vt 0.874321 0.260529
vt 0.874570 0.258357
vt 0.870642 0.262514
vt 0.875205 0.262091
vt 0.870232 0.260129
vt 0.874180 0.274349
vt 0.878088 0.275377
vt 0.875282 0.284248
vt 0.879128 0.284194
vt 0.876451 0.268146
vt 0.871760 0.267630
vt 0.879196 0.270887
vt 0.875496 0.265391
vt 0.893101 0.284420
vt 0.892287 0.271326
vt 0.879947 0.284131
vt 0.877309 0.242158
vt 0.869772 0.241647
vt 0.862255 0.219399
vt 0.855575 0.218438
vt 0.849440 0.210845
vt 0.862432 0.239621
vt 0.849901 0.240235
vt 0.863194 0.266321
vt 0.867315 0.244511
vt 0.876212 0.265675
vt 0.880423 0.283451
vt 0.866718 0.283089
vt 0.870498 0.254293
vt 0.863904 0.253791
vt 0.870234 0.270504
vt 0.864805 0.270607
vt 0.878645 0.270230
vt 0.879852 0.254050
vt 0.894641 0.243235
vt 0.885819 0.242521
vt 0.884908 0.221559
vt 0.874780 0.219802
vt 0.853855 0.205189
vt 0.868038 0.204565
vt 0.856654 0.209577
vt 0.870975 0.210424
vt 0.882303 0.208527
vt 0.885027 0.212810
vt 0.869343 0.207181
vt 0.855354 0.205901
vt 0.879862 0.246326
vt 0.872817 0.221463
vt 0.859409 0.218500
vt 0.885826 0.225344
vt 0.891813 0.248223
vt 0.886742 0.266822
vt 0.897889 0.269881
vt 0.890434 0.283337
vt 0.902191 0.283202
vt 0.887267 0.269985
vt 0.888486 0.253806
vt 0.897865 0.269734
vt 0.897003 0.253871
vt 0.890889 0.214313
vt 0.890567 0.213820
vt 0.887336 0.211472
vt 0.935827 0.245027
vt 0.948386 0.259727
vt 0.940502 0.247339
vt 0.952135 0.261243
vt 0.935892 0.257903
vt 0.929477 0.246937
vt 0.955141 0.271935
vt 0.951237 0.271687
vt 0.956107 0.282705
vt 0.951697 0.282445
vt 0.941535 0.282520
vt 0.939971 0.271031
vt 0.963745 0.266939
vt 0.955791 0.248173
vt 0.971434 0.266214
vt 0.963770 0.246708
vt 0.948554 0.235961
vt 0.955224 0.234835
vt 0.886107 0.251776
vt 0.887306 0.257140
vt 0.896396 0.245174
vt 0.901578 0.253513
vt 0.893935 0.234459
vt 0.893306 0.241625
vt 0.884880 0.259333
vt 0.895682 0.256287
vt 0.898524 0.274248
vt 0.887363 0.275119
vt 0.897217 0.265981
vt 0.885952 0.267220
vt 0.888292 0.284017
vt 0.899782 0.283788
vt 0.893557 0.224473
vt 0.903384 0.244263
vt 0.909834 0.245212
vt 0.904117 0.226402
vt 0.898452 0.232315
vt 0.905360 0.242289
vt 0.908475 0.231470
vt 0.914901 0.241090
vt 0.912117 0.251402
vt 0.921110 0.249824
vt 0.894105 0.223477
vt 0.905103 0.223634
vt 0.892209 0.224715
vt 0.891627 0.223783
vt 0.894785 0.217728
vt 0.904032 0.218825
vt 0.916745 0.259188
vt 0.905292 0.260920
vt 0.925679 0.257542
vt 0.919312 0.270264
vt 0.927598 0.269904
vt 0.909165 0.270372
vt 0.923018 0.231732
vt 0.931448 0.236491
vt 0.922229 0.248254
vt 0.927474 0.250713
vt 0.931475 0.252998
vt 0.939132 0.243721
vt 0.941395 0.236759
vt 0.941774 0.243180
vt 0.953028 0.242625
vt 0.951181 0.247570
vt 0.943442 0.249961
vt 0.949719 0.251412
vt 0.935522 0.249090
vt 0.932269 0.241398
vt 0.930136 0.234395
vt 0.929446 0.228394
vt 0.942151 0.230847
vt 0.929372 0.224433
vt 0.942787 0.227016
vt 0.954848 0.237908
vt 0.922857 0.256527
vt 0.927955 0.258098
vt 0.925166 0.269641
vt 0.929776 0.270263
vt 0.933130 0.259066
vt 0.935431 0.270899
vt 0.945703 0.257403
vt 0.938091 0.256867
vt 0.953024 0.257866
vt 0.948714 0.269472
vt 0.957575 0.269677
vt 0.940805 0.269454
vt 0.944953 0.253898
vt 0.950208 0.269278
vt 0.957956 0.256418
vt 0.964661 0.269455
vt 0.961307 0.253711
vt 0.968960 0.268209
vt 0.902892 0.249987
vt 0.897745 0.228849
vt 0.908596 0.231834
vt 0.912735 0.252197
vt 0.894850 0.221810
vt 0.906240 0.226903
vt 0.897122 0.224227
vt 0.908607 0.228742
vt 0.903082 0.242361
vt 0.906809 0.256103
vt 0.919494 0.264606
vt 0.908311 0.265315
vt 0.917237 0.255133
vt 0.907454 0.269025
vt 0.916487 0.269043
vt 0.911531 0.283044
vt 0.919593 0.282900
vt 0.909419 0.273405
vt 0.911476 0.283360
vt 0.920571 0.273041
vt 0.922157 0.283218
vt 0.922114 0.255039
vt 0.920062 0.238863
vt 0.921052 0.234472
vt 0.923775 0.235380
vt 0.934895 0.263753
vt 0.929369 0.253983
vt 0.927988 0.282737
vt 0.925160 0.269608
vt 0.937386 0.272947
vt 0.938515 0.283177
vt 0.905634 0.254510
vt 0.912156 0.254648
vt 0.906903 0.269654
vt 0.915624 0.269303
vt 0.934262 0.269581
vt 0.931993 0.256855
vt 0.928513 0.249010
vt 0.928512 0.223212
vt 0.917128 0.220406
vt 0.916725 0.220767
vt 0.904100 0.217973
vt 0.914088 0.228391
vt 0.916363 0.246441
vt 0.918617 0.232270
vt 0.923487 0.240784
vt 0.938248 0.227770
vt 0.892821 0.216321
vt 0.844542 0.206031
vt 0.874322 0.212263
vt 0.864795 0.285932
vt 0.870581 0.286403
vt 0.877377 0.285736
vt 0.887924 0.285532
vt 0.898823 0.285311
vt 0.908672 0.285115
vt 0.917425 0.284957
vt 0.921216 0.269224
vt 0.922914 0.284906
vt 0.926665 0.284912
vt 0.930758 0.284928
vt 0.936388 0.284960
vt 0.952837 0.284936
vt 0.967867 0.284724
vt 0.971593 0.266723
vt 0.976556 0.284338
vt 0.976161 0.284497
vt 0.973686 0.284223
vt 0.968029 0.284169
vt 0.960033 0.284154
vt 0.950775 0.284138
vt 0.942494 0.284121
vt 0.936182 0.284123
vt 0.929809 0.284158
vt 0.920968 0.284223
vt 0.910111 0.284292
vt 0.952943 0.272204
vt 0.950019 0.262148
vt 0.953976 0.282879
vt 0.900909 0.229617
vt 0.889642 0.217102
vt 0.912068 0.234085
vt 0.913562 0.243735
vt 0.925227 0.239763
vt 0.923110 0.245509
vt 0.916786 0.225007
vt 0.940372 0.249840
vt 0.963568 0.250138
vt 0.888081 0.264217
vt 0.918118 0.254988
vt 0.953969 0.514386
vt 0.955477 0.513065
vt 0.954272 0.512902
vt 0.955509 0.511632
vt 0.956562 0.510151
vt 0.957528 0.506237
vt 0.957401 0.500104
vt 0.957541 0.505830
vt 0.957323 0.498901
vt 0.956684 0.496896
vt 0.956425 0.492794
vt 0.955922 0.489330
vt 0.956413 0.492938
vt 0.955605 0.489791
vt 0.954030 0.483685
vt 0.955302 0.484788
vt 0.952251 0.480529
vt 0.844126 0.209259
vt 0.844951 0.221286
vt 0.955335 0.486204
vt 0.955539 0.486154
vt 0.954877 0.485325
vt 0.956687 0.508947
vt 0.956754 0.495687
vt 0.955045 0.487387
vt 0.886769 0.216308
vt 0.872985 0.215718
vt 0.877848 0.505182
vt 0.877652 0.500582
vt 0.877370 0.504506
vt 0.877412 0.500243
vt 0.876974 0.503437
vt 0.877218 0.499703
vt 0.876680 0.502023
vt 0.877063 0.498994
vt 0.876501 0.500330
vt 0.876979 0.498142
vt 0.876446 0.498438
vt 0.876960 0.497191
vt 0.876522 0.496436
vt 0.877006 0.496186
vt 0.876728 0.494420
vt 0.877115 0.495174
vt 0.877281 0.494204
vt 0.877054 0.492488
vt 0.877498 0.493320
vt 0.877479 0.490730
vt 0.877999 0.489197
vt 0.877767 0.492546
vt 0.878719 0.487808
vt 0.878144 0.491879
vt 0.879235 0.487423
vt 0.878402 0.491725
vt 0.878643 0.509686
vt 0.877934 0.508686
vt 0.877348 0.507101
vt 0.876912 0.505005
vt 0.876647 0.502497
vt 0.876565 0.499694
vt 0.876669 0.496727
vt 0.876956 0.493734
vt 0.877416 0.490859
vt 0.878045 0.488251
vt 0.878803 0.485988
vt 0.879891 0.483890
vt 0.880652 0.483253
vt 0.880004 0.514038
vt 0.879075 0.512727
vt 0.878307 0.510649
vt 0.877736 0.507903
vt 0.877388 0.504616
vt 0.877280 0.500942
vt 0.877417 0.497054
vt 0.877793 0.493132
vt 0.878389 0.489360
vt 0.879214 0.485947
vt 0.880199 0.482989
vt 0.881623 0.480314
vt 0.882641 0.479405
vt 0.881911 0.518172
vt 0.880775 0.516569
vt 0.879836 0.514030
vt 0.879138 0.510673
vt 0.878713 0.506655
vt 0.878582 0.502165
vt 0.878749 0.497412
vt 0.879208 0.492618
vt 0.879955 0.488021
vt 0.881001 0.483899
vt 0.882310 0.480367
vt 0.883909 0.477310
vt 0.885135 0.475926
vt 0.884336 0.522030
vt 0.883011 0.520159
vt 0.881915 0.517195
vt 0.881100 0.513276
vt 0.880604 0.508586
vt 0.880450 0.503344
vt 0.880646 0.497795
vt 0.881181 0.492199
vt 0.882059 0.486840
vt 0.883257 0.482017
vt 0.884772 0.477872
vt 0.886828 0.474331
vt 0.888116 0.472377
vt 0.887245 0.525554
vt 0.885749 0.523442
vt 0.884512 0.520096
vt 0.883592 0.515673
vt 0.883032 0.510379
vt 0.882858 0.504462
vt 0.883079 0.498199
vt 0.883683 0.491882
vt 0.884656 0.485819
vt 0.885976 0.480334
vt 0.887771 0.475644
vt 0.888962 0.472096
vt 0.890594 0.528694
vt 0.888949 0.526372
vt 0.887589 0.522693
vt 0.886578 0.517830
vt 0.885962 0.512009
vt 0.885771 0.505504
vt 0.886014 0.498617
vt 0.886678 0.491672
vt 0.887734 0.484992
vt 0.889161 0.478945
vt 0.891005 0.474124
vt 0.894335 0.531403
vt 0.892565 0.528905
vt 0.891102 0.524947
vt 0.890014 0.519714
vt 0.889351 0.513452
vt 0.889146 0.506453
vt 0.889407 0.499043
vt 0.890122 0.491571
vt 0.891258 0.484384
vt 0.892815 0.477978
vt 0.894695 0.473363
vt 0.898413 0.533643
vt 0.896544 0.531004
vt 0.894999 0.526825
vt 0.893850 0.521300
vt 0.893151 0.514687
vt 0.892934 0.507295
vt 0.893209 0.499472
vt 0.893965 0.491581
vt 0.895164 0.483992
vt 0.896860 0.477387
vt 0.898865 0.473076
vt 0.902769 0.535380
vt 0.900829 0.532640
vt 0.899224 0.528300
vt 0.898031 0.522562
vt 0.897305 0.515695
vt 0.897079 0.508020
vt 0.897366 0.499895
vt 0.898150 0.491701
vt 0.899396 0.483821
vt 0.901449 0.477074
vt 0.903819 0.472976
vt 0.909699 0.536920
vt 0.907707 0.534109
vt 0.906061 0.529655
vt 0.904836 0.523767
vt 0.904091 0.516721
vt 0.903860 0.508844
vt 0.904153 0.500507
vt 0.904958 0.492099
vt 0.906237 0.484012
vt 0.908008 0.477129
vt 0.910034 0.473198
vt 0.916854 0.537360
vt 0.914870 0.534559
vt 0.913230 0.530122
vt 0.914164 0.524465
vt 0.913164 0.518196
vt 0.913437 0.511340
vt 0.911330 0.501080
vt 0.912131 0.492703
vt 0.913405 0.484646
vt 0.915130 0.477830
vt 0.916994 0.473623
vt 0.921660 0.536911
vt 0.919719 0.534172
vt 0.919170 0.529284
vt 0.917172 0.505296
vt 0.919838 0.496406
vt 0.920904 0.486229
vt 0.922380 0.479225
vt 0.924263 0.474614
vt 0.926405 0.535913
vt 0.924828 0.532245
vt 0.931019 0.534378
vt 0.929686 0.531880
vt 0.927970 0.487724
vt 0.927599 0.495894
vt 0.929366 0.480734
vt 0.931925 0.475167
vt 0.935435 0.532330
vt 0.934387 0.530379
vt 0.933232 0.488977
vt 0.932764 0.496065
vt 0.934736 0.482159
vt 0.937602 0.476887
vt 0.939590 0.529799
vt 0.938848 0.527798
vt 0.937731 0.490249
vt 0.936964 0.496523
vt 0.939215 0.484123
vt 0.942421 0.479379
vt 0.943421 0.526821
vt 0.942722 0.524593
vt 0.942329 0.491435
vt 0.942070 0.497013
vt 0.943599 0.487511
vt 0.946933 0.482758
vt 0.945342 0.476815
vt 0.949756 0.480976
vt 0.940652 0.473783
vt 0.947564 0.521395
vt 0.946600 0.520277
vt 0.949518 0.517928
vt 0.951324 0.514898
vt 0.699423 0.809253
vt 0.710111 0.860044
vt 0.767468 0.814720
vt 0.769921 0.858800
vt 0.669688 0.860514
vt 0.651885 0.801109
vt 0.732293 0.902975
vt 0.706453 0.911484
vt 0.776292 0.895678
vt 0.708787 0.707777
vt 0.699329 0.757062
vt 0.772602 0.721954
vt 0.768846 0.767772
vt 0.650433 0.740512
vt 0.664887 0.686395
vt 0.747107 0.630497
vt 0.725753 0.664868
vt 0.781693 0.646160
vt 0.777288 0.680400
vt 0.692228 0.642648
vt 0.725318 0.609127
vt 0.770358 0.607692
vt 0.782072 0.622983
vt 0.800560 0.599400
vt 0.800562 0.614675
vt 0.761234 0.587309
vt 0.800928 0.579073
vt 0.861399 0.630223
vt 0.884300 0.609231
vt 0.833192 0.607478
vt 0.843136 0.586725
vt 0.821200 0.622722
vt 0.826645 0.645961
vt 0.884907 0.665900
vt 0.835069 0.680418
vt 0.901226 0.710448
vt 0.840872 0.722297
vt 0.945964 0.693526
vt 0.920299 0.645594
vt 0.908209 0.760544
vt 0.842467 0.768423
vt 0.905039 0.812825
vt 0.840209 0.815454
vt 0.952947 0.809219
vt 0.957487 0.749588
vt 0.893705 0.861459
vt 0.836187 0.859175
vt 0.876198 0.901993
vt 0.832541 0.895317
vt 0.904659 0.909742
vt 0.934213 0.864462
vt 0.850482 0.929308
vt 0.832833 0.919627
vt 0.810883 0.940213
vt 0.808275 0.929049
vt 0.815494 0.955807
vt 0.865735 0.940277
vt 0.767163 0.931342
vt 0.781069 0.920572
vt 0.757688 0.947696
vt 0.926885 0.512910
vt 0.927854 0.512845
vt 0.928377 0.510114
vt 0.929178 0.510430
vt 0.931406 0.509225
vt 0.930823 0.508639
vt 0.929980 0.510746
vt 0.930534 0.523359
vt 0.930891 0.521821
vt 0.928350 0.521984
vt 0.928964 0.520607
vt 0.928441 0.517467
vt 0.927597 0.518520
vt 0.929579 0.519229
vt 0.926753 0.519573
vt 0.926179 0.516255
vt 0.927195 0.515710
vt 0.928823 0.512781
vt 0.928211 0.515165
vt 0.932374 0.506682
vt 0.930239 0.508053
vt 0.932657 0.507439
vt 0.934517 0.507536
vt 0.934510 0.506707
vt 0.932940 0.508196
vt 0.934502 0.505878
vt 0.936567 0.505592
vt 0.936317 0.506456
vt 0.936067 0.507320
vt 0.937546 0.507578
vt 0.938070 0.506748
vt 0.938901 0.508422
vt 0.940036 0.509880
vt 0.939772 0.507879
vt 0.941088 0.509726
vt 0.940713 0.507314
vt 0.938594 0.505926
vt 0.942911 0.511998
vt 0.942269 0.509491
vt 0.941755 0.511888
vt 0.940774 0.511818
vt 0.940867 0.513981
vt 0.941724 0.514237
vt 0.941696 0.517149
vt 0.942674 0.514592
vt 0.940898 0.516619
vt 0.940099 0.516090
vt 0.938667 0.517973
vt 0.939267 0.518807
vt 0.937547 0.521739
vt 0.939868 0.519641
vt 0.937153 0.520570
vt 0.936759 0.519402
vt 0.934851 0.520311
vt 0.935057 0.521760
vt 0.932933 0.523788
vt 0.935263 0.523209
vt 0.932985 0.522196
vt 0.933038 0.520604
vt 0.931248 0.520284
vt 0.715065 0.592710
vt 0.678001 0.627321
vt 0.647916 0.672373
vt 0.628526 0.797321
vt 0.648988 0.865355
vt 0.693916 0.922274
vt 0.627590 0.729278
vt 0.801508 0.561342
vt 0.756457 0.570463
vt 0.753635 0.961316
vt 0.820182 0.969676
vt 0.896636 0.591965
vt 0.849136 0.568460
vt 0.878160 0.953598
vt 0.925000 0.920764
vt 0.970242 0.681277
vt 0.939570 0.629718
vt 0.961861 0.871181
vt 0.978343 0.807461
vt 0.983064 0.742705
vt 0.932573 0.508007
vt 0.934161 0.507367
vt 0.930964 0.509008
vt 0.927841 0.514787
vt 0.928411 0.512543
vt 0.928106 0.516928
vt 0.929515 0.510546
vt 0.935671 0.507169
vt 0.937081 0.507438
vt 0.929093 0.518640
vt 0.930710 0.519671
vt 0.938351 0.508298
vt 0.939400 0.509723
vt 0.932552 0.520045
vt 0.934434 0.519715
vt 0.940079 0.511519
vt 0.940113 0.513519
vt 0.936336 0.518792
vt 0.938116 0.517377
vt 0.939405 0.515521
vt 0.943638 0.508965
vt 0.941943 0.506311
vt 0.939071 0.504531
vt 0.943880 0.515430
vt 0.944335 0.512165
vt 0.927944 0.506963
vt 0.925069 0.509715
vt 0.923231 0.513349
vt 0.935271 0.526189
vt 0.938229 0.524222
vt 0.940839 0.521447
vt 0.923484 0.521848
vt 0.925731 0.524779
vt 0.928789 0.526502
vt 0.922597 0.517761
vt 0.933960 0.504385
vt 0.931029 0.505302
vt 0.936534 0.504088
vt 0.942769 0.518413
vt 0.932116 0.527039
vt 0.945351 0.507568
vt 0.943089 0.503744
vt 0.939896 0.502018
vt 0.946118 0.511811
vt 0.945354 0.516015
vt 0.925289 0.504712
vt 0.920962 0.508150
vt 0.918385 0.512520
vt 0.938552 0.526478
vt 0.934537 0.528948
vt 0.941809 0.523283
vt 0.921702 0.527196
vt 0.918305 0.523665
vt 0.925959 0.529352
vt 0.917212 0.518867
vt 0.933078 0.501722
vt 0.929349 0.502508
vt 0.936447 0.501609
vt 0.943896 0.519878
vt 0.930309 0.529931
vt 0.948005 0.505607
vt 0.944871 0.499392
vt 0.947806 0.516062
vt 0.949100 0.511191
vt 0.879346 0.309871
vt 0.875833 0.306046
vt 0.875654 0.308144
vt 0.879007 0.306407
vt 0.876295 0.294136
vt 0.878977 0.293033
vt 0.876175 0.301094
vt 0.879812 0.300399
vt 0.882198 0.297454
vt 0.880254 0.303450
vt 0.893175 0.297687
vt 0.859181 0.350621
vt 0.872916 0.327332
vt 0.865817 0.349629
vt 0.880252 0.326495
vt 0.865713 0.330422
vt 0.852822 0.359205
vt 0.877097 0.301439
vt 0.864055 0.301093
vt 0.869257 0.322943
vt 0.852819 0.327816
vt 0.872679 0.316230
vt 0.866118 0.317194
vt 0.865658 0.301152
vt 0.871305 0.301562
vt 0.879516 0.300927
vt 0.881998 0.315802
vt 0.878301 0.348969
vt 0.888479 0.326114
vt 0.888262 0.347411
vt 0.897047 0.325511
vt 0.857019 0.363938
vt 0.860381 0.359999
vt 0.872015 0.364197
vt 0.874655 0.358691
vt 0.888629 0.355800
vt 0.886097 0.359632
vt 0.872907 0.361011
vt 0.858128 0.362290
vt 0.881706 0.320824
vt 0.875903 0.346079
vt 0.862423 0.349295
vt 0.893556 0.318638
vt 0.888714 0.341972
vt 0.887564 0.300041
vt 0.898554 0.296744
vt 0.888147 0.300674
vt 0.898715 0.300283
vt 0.890480 0.315686
vt 0.898830 0.315390
vt 0.894383 0.353795
vt 0.894065 0.354129
vt 0.890921 0.356254
vt 0.952900 0.304272
vt 0.949521 0.305533
vt 0.942171 0.318343
vt 0.937705 0.320863
vt 0.937122 0.307590
vt 0.931259 0.318903
vt 0.955735 0.293528
vt 0.951772 0.293299
vt 0.940544 0.294181
vt 0.964624 0.302435
vt 0.972337 0.302695
vt 0.957594 0.320997
vt 0.965634 0.321964
vt 0.957663 0.333351
vt 0.950951 0.332759
vt 0.904388 0.314564
vt 0.887892 0.312338
vt 0.897685 0.323309
vt 0.888936 0.316243
vt 0.878641 0.308129
vt 0.895710 0.326063
vt 0.896265 0.333541
vt 0.887647 0.308911
vt 0.896958 0.311973
vt 0.897963 0.301935
vt 0.887703 0.301029
vt 0.898883 0.293285
vt 0.887878 0.292930
vt 0.896731 0.344468
vt 0.905567 0.324686
vt 0.906991 0.342485
vt 0.911791 0.324251
vt 0.900908 0.335596
vt 0.911043 0.336295
vt 0.907054 0.325968
vt 0.917143 0.326675
vt 0.923285 0.318080
vt 0.915184 0.316034
vt 0.908088 0.344187
vt 0.897103 0.344536
vt 0.895142 0.343144
vt 0.894607 0.344154
vt 0.898106 0.350443
vt 0.907260 0.349181
vt 0.907871 0.308374
vt 0.918398 0.309598
vt 0.927049 0.310818
vt 0.928305 0.298442
vt 0.920004 0.298182
vt 0.909927 0.298243
vt 0.929162 0.318872
vt 0.933826 0.332572
vt 0.924036 0.321254
vt 0.925629 0.337191
vt 0.941158 0.325550
vt 0.933051 0.316658
vt 0.943727 0.330971
vt 0.955075 0.325269
vt 0.943791 0.324629
vt 0.952983 0.320359
vt 0.951332 0.316568
vt 0.945126 0.317960
vt 0.937248 0.318798
vt 0.934373 0.326359
vt 0.932584 0.333273
vt 0.932192 0.339300
vt 0.932318 0.343421
vt 0.944776 0.336887
vt 0.945607 0.340893
vt 0.957129 0.330060
vt 0.924262 0.313255
vt 0.925922 0.300164
vt 0.929283 0.311724
vt 0.930502 0.299579
vt 0.936126 0.298969
vt 0.934410 0.310774
vt 0.939442 0.311396
vt 0.947027 0.310849
vt 0.954323 0.310334
vt 0.958291 0.298597
vt 0.949440 0.298819
vt 0.941532 0.298832
vt 0.946483 0.315703
vt 0.950981 0.300512
vt 0.969751 0.300159
vt 0.965388 0.298807
vt 0.962811 0.314479
vt 0.959326 0.311738
vt 0.904541 0.316598
vt 0.900452 0.338160
vt 0.914268 0.314088
vt 0.911146 0.334819
vt 0.910827 0.338483
vt 0.909045 0.340214
vt 0.900043 0.343367
vt 0.897918 0.345703
vt 0.905082 0.324826
vt 0.907714 0.311836
vt 0.909052 0.301920
vt 0.918749 0.311513
vt 0.920236 0.301846
vt 0.908155 0.297332
vt 0.917180 0.297035
vt 0.909931 0.293440
vt 0.920410 0.293444
vt 0.923496 0.310879
vt 0.922253 0.327378
vt 0.923469 0.332076
vt 0.925923 0.331262
vt 0.930583 0.312153
vt 0.934974 0.302503
vt 0.925817 0.296140
vt 0.937580 0.293425
vt 0.916398 0.300537
vt 0.913653 0.315103
vt 0.907706 0.300101
vt 0.907277 0.314776
vt 0.934984 0.298714
vt 0.933344 0.311407
vt 0.930312 0.318902
vt 0.931529 0.345055
vt 0.920283 0.347817
vt 0.919853 0.347075
vt 0.907379 0.350402
vt 0.916863 0.340467
vt 0.918259 0.323025
vt 0.921166 0.335346
vt 0.925584 0.327014
vt 0.941044 0.340685
vt 0.896265 0.352186
vt 0.847118 0.363087
vt 0.877923 0.355511
vt 0.921992 0.300554
vt 0.972463 0.301867
vt 0.953466 0.293583
vt 0.950828 0.303658
vt 0.892951 0.350759
vt 0.903260 0.337983
vt 0.915596 0.322974
vt 0.914170 0.333036
vt 0.927312 0.326701
vt 0.925040 0.320904
vt 0.919699 0.342662
vt 0.941871 0.316003
vt 0.965254 0.318221
vt 0.889956 0.306147
vt 0.919598 0.314755
vt 0.953215 0.511264
vt 0.952698 0.512701
vt 0.951135 0.508840
vt 0.950868 0.504414
vt 0.946032 0.497811
vt 0.950400 0.504692
vt 0.946155 0.498790
vt 0.944108 0.496015
vt 0.945966 0.489086
vt 0.945497 0.488606
vt 0.944681 0.492183
vt 0.944291 0.491984
vt 0.951345 0.484260
vt 0.845891 0.359181
vt 0.847322 0.346695
vt 0.948386 0.485293
vt 0.952907 0.485943
vt 0.952013 0.507755
vt 0.944606 0.494766
vt 0.948560 0.486751
vt 0.890112 0.351330
vt 0.876360 0.352039
vt 0.889967 0.448966
vt 0.878531 0.491695
vt 0.879572 0.487300
vt 0.881189 0.483034
vt 0.883359 0.479059
vt 0.885970 0.475436
vt 0.826451 0.427416
vt 0.889758 0.472115
vt 0.881748 0.482959
vt 0.884054 0.478968
vt 0.886811 0.475429
vt 0.942835 0.472365
vt 0.883515 0.397651
vt 0.925482 0.397634
vt 0.918562 0.397639
vt 0.909465 0.397642
vt 0.901603 0.397646
vt 0.891034 0.397645
vt 0.894812 0.397645
vt 0.931235 0.397655
vt 0.877003 0.397658
vt 0.882529 0.397650
vt 0.871595 0.397671
vt 0.868659 0.397671
vt 0.925845 0.397644
vt 0.918784 0.397657
vt 0.909614 0.397666
vt 0.901249 0.397670
vt 0.890498 0.397656
vt 0.929610 0.397643
vt 0.894099 0.397656
vt 0.484696 0.402538
vt 0.483058 0.467543
vt 0.026409 0.041836
vt 0.027211 0.115320
vt 0.027231 0.176259
vt 0.027041 0.244825
vt 0.028360 0.327681
vt 0.035514 0.442488
vt 0.039161 0.517280
vt 0.039555 0.560029
vt 0.486973 0.320445
vt 0.496033 0.232082
vt 0.498386 0.171519
vt 0.166927 0.932027
vt 0.089131 0.901460
vt 0.412839 0.954955
vt 0.280654 0.942250
vt 0.172265 0.583534
vt 0.092604 0.643694
vt 0.048602 0.713913
vt 0.034269 0.783775
vt 0.288973 0.537530
vt 0.047197 0.849027
vt 0.429574 0.516361
vt 0.573602 0.514995
vt 0.720327 0.535205
vt 0.544365 0.975068
vt 0.682918 0.980037
vt 0.412382 0.948959
vt 0.274953 0.941360
vt 0.159929 0.926191
vt 0.078614 0.893197
vt 0.045546 0.712112
vt 0.029763 0.775258
vt 0.174568 0.589926
vt 0.093871 0.647648
vt 0.286715 0.542233
vt 0.039682 0.837587
vt 0.425296 0.517534
vt 0.568016 0.514851
vt 0.715649 0.536695
vt 0.543555 0.965760
vt 0.685594 0.967391
usemtl blinn3
s off
f 1988/1 1990/2 2015/3
f 1990/2 1991/4 2015/3
f 1991/4 1992/5 2015/3
f 2000/6 1998/7 2015/3
f 1992/5 2019/8 2015/3
f 2019/8 2001/9 2015/3
f 2001/9 2007/10 2015/3
s 1
f 90/11 244/12 7/13
f 7/13 244/12 91/14
f 244/12 90/11 92/15
f 92/15 90/11 6/16
f 93/17 245/18 6/16
f 6/16 245/18 92/15
f 245/18 93/17 300/19
f 300/19 93/17 219/20
f 96/21 94/22 8/23
f 8/23 94/22 9/24
f 94/22 96/21 10/25
f 10/25 96/21 95/26
f 246/27 90/11 97/28
f 97/28 90/11 7/13
f 90/11 246/27 6/16
f 6/16 246/27 98/29
f 246/27 99/30 98/29
f 98/29 99/30 12/31
f 99/30 246/27 11/32
f 11/32 246/27 97/28
f 247/33 93/17 98/29
f 98/29 93/17 6/16
f 93/17 247/33 219/20
f 219/20 247/33 301/34
f 247/33 100/35 301/34
f 301/34 100/35 220/36
f 100/35 247/33 12/31
f 12/31 247/33 98/29
f 248/37 94/22 13/38
f 13/38 94/22 10/25
f 94/22 248/37 9/24
f 9/24 248/37 101/39
f 103/40 102/41 14/42
f 14/42 102/41 15/43
f 102/41 103/40 9/24
f 9/24 103/40 8/23
f 249/44 99/30 104/45
f 104/45 99/30 11/32
f 99/30 249/44 12/31
f 12/31 249/44 105/46
f 249/44 106/47 105/46
f 105/46 106/47 17/48
f 106/47 249/44 16/49
f 16/49 249/44 104/45
f 108/50 102/41 101/39
f 101/39 102/41 9/24
f 102/41 108/50 15/43
f 15/43 108/50 107/51
f 109/52 110/53 15/43
f 15/43 110/53 14/42
f 110/53 109/52 19/54
f 19/54 109/52 18/55
f 112/56 109/52 107/51
f 107/51 109/52 15/43
f 109/52 112/56 18/55
f 18/55 112/56 111/57
f 21/58 113/59 20/60
f 20/60 113/59 114/61
f 114/61 113/59 18/55
f 18/55 113/59 19/54
f 116/62 114/61 111/57
f 111/57 114/61 18/55
f 116/62 115/63 114/61
f 114/61 115/63 20/60
f 23/64 117/65 22/66
f 22/66 117/65 118/67
f 117/65 21/58 118/67
f 118/67 21/58 20/60
f 115/63 120/68 20/60
f 20/60 120/68 118/67
f 120/68 119/69 118/67
f 118/67 119/69 22/66
f 24/70 250/71 25/72
f 25/72 250/71 121/73
f 250/71 23/64 121/73
f 121/73 23/64 22/66
f 119/69 123/74 22/66
f 22/66 123/74 121/73
f 123/74 122/75 121/73
f 121/73 122/75 25/72
f 27/76 340/77 124/78
f 124/78 340/77 341/79
f 124/78 341/79 29/80
f 29/80 341/79 342/81
f 341/79 125/82 342/81
f 342/81 125/82 28/83
f 125/82 341/79 26/84
f 26/84 341/79 340/77
f 251/85 308/86 126/87
f 126/87 308/86 30/88
f 308/86 251/85 228/89
f 228/89 251/85 127/90
f 251/85 124/78 127/90
f 127/90 124/78 29/80
f 124/78 251/85 27/76
f 27/76 251/85 126/87
f 127/90 128/91 228/89
f 228/89 128/91 46/92
f 127/90 29/80 128/91
f 128/91 29/80 31/93
f 129/94 252/95 32/96
f 32/96 252/95 309/97
f 309/98 252/99 229/100
f 229/100 252/99 130/101
f 252/99 131/102 130/101
f 130/101 131/102 34/103
f 252/95 129/94 131/104
f 131/104 129/94 33/105
f 132/106 253/107 35/108
f 35/108 253/107 310/109
f 253/107 129/94 310/109
f 310/109 129/94 32/96
f 129/94 253/107 33/105
f 33/105 253/107 133/110
f 253/107 132/106 133/110
f 133/110 132/106 36/111
f 134/112 254/113 36/111
f 36/111 254/113 133/110
f 254/113 135/114 133/110
f 133/110 135/114 33/105
f 135/114 254/113 37/115
f 37/115 254/113 157/116
f 254/113 134/112 157/116
f 157/116 134/112 39/117
f 136/118 255/119 40/120
f 40/120 255/119 137/121
f 137/121 255/119 38/122
f 38/122 255/119 138/123
f 255/119 134/112 138/123
f 138/123 134/112 36/111
f 255/119 136/118 134/112
f 134/112 136/118 39/117
f 256/124 100/35 105/46
f 105/46 100/35 12/31
f 100/35 256/124 220/36
f 220/36 256/124 311/125
f 256/124 139/126 311/125
f 311/125 139/126 1979/127
f 139/126 256/124 17/48
f 17/48 256/124 105/46
f 205/128 286/129 60/130
f 60/130 286/129 140/131
f 286/129 204/132 140/131
f 140/131 204/132 58/133
f 106/47 257/134 17/48
f 17/48 257/134 141/135
f 257/134 136/136 141/135
f 141/135 136/136 40/137
f 136/136 257/134 39/138
f 39/138 257/134 142/139
f 257/134 106/47 142/139
f 142/139 106/47 16/49
f 139/126 258/140 1979/127
f 1979/127 258/140 143/141
f 258/140 155/142 143/141
f 143/141 155/142 230/143
f 155/142 258/140 40/137
f 40/137 258/140 141/135
f 258/140 139/126 141/135
f 141/135 139/126 17/48
f 285/144 203/145 144/146
f 144/146 203/145 61/147
f 204/132 285/144 58/133
f 58/133 285/144 144/146
f 57/148 2066/149 145/150
f 145/150 2066/149 2067/151
f 312/152 259/153 30/88
f 30/88 259/153 126/87
f 259/153 146/154 126/87
f 126/87 146/154 27/76
f 146/155 259/156 41/157
f 41/157 259/156 147/158
f 259/156 312/159 147/158
f 147/158 312/159 42/160
f 44/161 148/162 43/163
f 43/163 148/162 149/164
f 148/162 24/70 149/164
f 149/164 24/70 25/72
f 150/165 260/166 26/84
f 26/84 260/166 125/82
f 260/166 151/167 125/82
f 125/82 151/167 28/83
f 151/167 260/166 44/161
f 44/161 260/166 148/162
f 260/166 150/165 148/162
f 148/162 150/165 24/70
f 122/75 153/168 25/72
f 25/72 153/168 149/164
f 153/168 152/169 149/164
f 149/164 152/169 43/163
f 232/170 31/93 342/81
f 342/81 31/93 29/80
f 342/81 28/83 232/170
f 232/170 28/83 45/171
f 154/172 261/173 34/103
f 34/103 261/173 130/101
f 261/173 313/174 130/101
f 130/101 313/174 229/100
f 313/174 261/173 42/160
f 42/160 261/173 147/158
f 261/173 154/172 147/158
f 147/158 154/172 41/157
f 155/175 262/176 230/177
f 230/177 262/176 314/178
f 262/176 156/179 314/178
f 314/178 156/179 231/180
f 156/179 262/176 38/122
f 38/122 262/176 137/121
f 262/176 155/175 137/121
f 137/121 155/175 40/120
f 263/181 182/182 154/172
f 154/172 182/182 41/157
f 182/183 263/184 37/115
f 37/115 263/184 135/114
f 263/184 131/104 135/114
f 135/114 131/104 33/105
f 131/102 263/181 34/103
f 34/103 263/181 154/172
f 138/123 264/185 38/122
f 38/122 264/185 156/179
f 156/179 264/185 231/180
f 231/180 264/185 315/186
f 264/185 132/106 315/186
f 315/186 132/106 35/108
f 132/106 264/185 36/111
f 36/111 264/185 138/123
f 152/169 242/187 43/163
f 43/163 242/187 158/188
f 242/187 243/189 158/188
f 158/188 243/189 84/190
f 265/191 161/192 160/193
f 160/193 161/192 45/171
f 161/192 265/191 82/194
f 82/194 265/191 240/195
f 265/191 239/196 240/195
f 240/195 239/196 83/197
f 239/196 265/191 44/161
f 44/161 265/191 160/193
f 83/197 239/196 84/190
f 84/190 239/196 158/188
f 158/188 239/196 43/163
f 43/163 239/196 44/161
f 161/192 266/198 45/171
f 45/171 266/198 232/170
f 266/198 233/199 232/170
f 232/170 233/199 31/93
f 233/199 266/198 81/200
f 81/200 266/198 238/201
f 266/198 161/192 238/201
f 238/201 161/192 82/194
f 164/202 165/203 95/26
f 95/26 165/203 10/25
f 166/204 267/205 47/206
f 47/206 267/205 167/207
f 267/205 164/202 167/207
f 167/207 164/202 95/26
f 289/208 208/209 91/14
f 91/14 208/209 7/13
f 165/203 168/210 10/25
f 10/25 168/210 13/38
f 268/211 169/212 167/207
f 167/207 169/212 47/206
f 169/212 268/211 48/213
f 48/213 268/211 170/214
f 268/211 96/21 170/214
f 170/214 96/21 8/23
f 96/21 268/211 95/26
f 95/26 268/211 167/207
f 208/209 288/215 7/13
f 7/13 288/215 97/28
f 288/215 207/216 97/28
f 97/28 207/216 11/32
f 171/217 269/218 64/219
f 64/219 269/218 172/220
f 269/218 173/221 172/220
f 172/220 173/221 59/222
f 269/223 174/224 173/225
f 173/225 174/224 65/226
f 174/224 269/223 63/227
f 63/227 269/223 171/228
f 173/221 270/229 59/222
f 59/222 270/229 175/230
f 175/230 270/229 62/231
f 62/231 270/229 176/232
f 176/233 270/234 66/235
f 66/235 270/234 177/236
f 270/234 173/225 177/236
f 177/236 173/225 65/226
f 271/237 178/238 176/232
f 176/232 178/238 62/231
f 178/238 271/237 67/239
f 67/239 271/237 179/240
f 179/241 271/242 68/243
f 68/243 271/242 180/244
f 271/242 176/233 180/244
f 180/244 176/233 66/235
f 272/245 150/165 181/246
f 181/246 150/165 26/84
f 150/165 272/245 24/70
f 24/70 272/245 250/71
f 272/245 49/247 250/71
f 250/71 49/247 23/64
f 151/167 160/193 28/83
f 28/83 160/193 45/171
f 160/193 151/167 44/161
f 49/247 273/248 23/64
f 23/64 273/248 117/65
f 273/248 50/249 117/65
f 117/65 50/249 21/58
f 50/249 274/250 21/58
f 21/58 274/250 113/59
f 113/59 274/250 19/54
f 19/54 274/250 51/251
f 275/252 110/53 51/251
f 51/251 110/53 19/54
f 110/53 275/252 14/42
f 14/42 275/252 52/253
f 276/254 53/255 170/214
f 170/214 53/255 48/213
f 276/254 103/40 52/253
f 52/253 103/40 14/42
f 103/40 276/254 8/23
f 8/23 276/254 170/214
f 207/216 287/256 11/32
f 11/32 287/256 104/45
f 287/256 54/257 104/45
f 104/45 54/257 16/49
f 54/257 277/258 16/49
f 16/49 277/258 142/139
f 277/258 55/259 142/139
f 142/139 55/259 39/138
f 278/260 56/261 157/262
f 157/262 56/261 37/263
f 55/259 278/260 39/138
f 39/138 278/260 157/262
f 183/264 182/265 56/261
f 56/261 182/265 37/263
f 182/265 183/264 41/266
f 41/266 183/264 57/148
f 284/267 184/268 203/145
f 203/145 184/268 61/147
f 202/269 69/270 284/267
f 284/267 69/270 184/268
f 145/150 146/154 57/148
f 57/148 146/154 41/266
f 322/271 340/77 145/150
f 340/77 27/76 145/150
f 145/150 27/76 146/154
f 2070/272 2071/273 277/258
f 277/258 2071/273 55/259
f 291/274 209/275 279/276
f 279/276 209/275 185/277
f 211/278 291/274 186/279
f 186/279 291/274 279/276
f 2069/280 2070/272 54/257
f 54/257 2070/272 277/258
f 2072/281 2074/282 278/260
f 278/260 2074/282 56/261
f 290/283 210/284 280/285
f 280/285 210/284 187/286
f 209/275 290/283 185/277
f 185/277 290/283 280/285
f 2071/273 2072/281 55/259
f 55/259 2072/281 278/260
f 276/254 2076/287 53/255
f 53/255 2076/287 2077/288
f 213/289 2054/290 295/291
f 295/291 2054/290 281/292
f 295/293 281/294 215/295
f 215/295 281/294 188/296
f 2076/287 276/254 2075/297
f 2075/297 276/254 52/253
f 2073/298 2069/280 287/256
f 287/256 2069/280 54/257
f 293/299 211/278 2053/300
f 2053/300 211/278 186/279
f 275/252 2079/301 52/253
f 52/253 2079/301 2075/297
f 215/295 188/296 294/302
f 294/302 188/296 2056/303
f 294/302 2056/303 214/304
f 214/304 2056/303 189/305
f 2079/301 275/252 2080/306
f 2080/306 275/252 51/251
f 274/250 2081/307 51/251
f 51/251 2081/307 2080/306
f 214/304 189/305 296/308
f 296/308 189/305 2057/309
f 216/310 296/308 190/311
f 190/311 296/308 2057/309
f 2082/312 2081/307 50/249
f 50/249 2081/307 274/250
f 2085/313 2086/314 272/245
f 272/245 2086/314 49/247
f 298/315 217/316 282/317
f 282/317 217/316 191/318
f 218/319 298/320 192/321
f 192/321 298/320 282/322
f 2084/323 2085/313 181/246
f 181/246 2085/313 272/245
f 2083/324 2082/312 273/248
f 273/248 2082/312 50/249
f 297/325 216/310 2058/326
f 2058/326 216/310 190/311
f 217/316 297/325 191/318
f 191/318 297/325 2058/326
f 2086/314 2083/324 49/247
f 49/247 2083/324 273/248
f 183/264 2065/327 57/148
f 57/148 2065/327 2066/149
f 212/328 2052/329 292/330
f 292/330 2052/329 2051/331
f 292/330 2051/331 210/284
f 210/284 2051/331 187/286
f 2065/327 183/264 2074/282
f 2074/282 183/264 56/261
f 299/332 283/333 212/328
f 212/328 283/333 2052/329
f 324/334 323/335 299/332
f 299/332 323/335 283/333
f 71/336 193/337 58/133
f 58/133 193/337 140/131
f 60/130 140/131 72/338
f 72/338 140/131 193/337
f 70/339 194/340 61/147
f 61/147 194/340 144/146
f 58/133 144/146 71/336
f 71/336 144/146 194/340
f 195/341 171/217 74/342
f 74/342 171/217 64/219
f 171/228 195/343 63/227
f 63/227 195/343 75/344
f 72/338 206/345 60/130
f 60/130 206/345 205/128
f 63/227 75/344 174/224
f 174/224 75/344 196/346
f 174/224 196/346 65/226
f 65/226 196/346 76/347
f 65/226 76/347 177/236
f 177/236 76/347 197/348
f 66/235 177/236 77/349
f 77/349 177/236 197/348
f 78/350 198/351 68/243
f 68/243 198/351 179/241
f 67/239 179/240 79/352
f 79/352 179/240 198/353
f 77/349 199/354 66/235
f 66/235 199/354 180/244
f 68/243 180/244 78/350
f 78/350 180/244 199/354
f 200/355 184/268 73/356
f 73/356 184/268 69/270
f 70/339 61/147 200/355
f 200/355 61/147 184/268
f 73/356 69/270 201/357
f 201/357 69/270 202/269
f 201/357 202/269 339/358
f 339/358 202/269 338/359
f 338/359 67/239 339/358
f 339/358 67/239 79/352
f 284/267 337/360 202/269
f 202/269 337/360 338/359
f 178/238 337/360 62/231
f 62/231 337/360 336/361
f 335/362 336/361 285/144
f 285/144 336/361 203/145
f 335/362 334/363 175/230
f 175/230 334/363 59/222
f 333/364 334/363 286/129
f 286/129 334/363 204/132
f 333/364 332/365 172/220
f 172/220 332/365 64/219
f 332/365 205/128 331/366
f 331/366 205/128 206/345
f 332/365 331/366 64/219
f 64/219 331/366 74/342
f 330/367 293/299 2055/368
f 2055/368 293/299 2053/300
f 2078/369 329/370 2077/288
f 2077/288 329/370 53/255
f 329/370 328/371 53/255
f 53/255 328/371 48/213
f 327/372 328/371 288/215
f 288/215 328/371 207/216
f 169/212 327/372 47/206
f 47/206 327/372 326/373
f 325/374 326/373 289/208
f 289/208 326/373 208/209
f 290/283 209/275 194/340
f 194/340 209/275 71/336
f 210/284 290/283 70/339
f 70/339 290/283 194/340
f 211/278 293/299 72/338
f 72/338 293/299 206/345
f 209/275 291/274 71/336
f 71/336 291/274 193/337
f 291/274 211/278 193/337
f 193/337 211/278 72/338
f 200/355 292/330 70/339
f 70/339 292/330 210/284
f 292/330 200/355 212/328
f 212/328 200/355 73/356
f 293/299 330/367 206/345
f 206/345 330/367 331/366
f 2054/290 213/289 2055/368
f 2055/368 213/289 330/367
f 196/346 294/302 76/347
f 76/347 294/302 214/304
f 294/302 196/346 215/295
f 215/295 196/346 75/344
f 295/291 195/341 213/289
f 213/289 195/341 74/342
f 195/343 295/293 75/344
f 75/344 295/293 215/295
f 296/308 197/348 214/304
f 214/304 197/348 76/347
f 296/308 216/310 197/348
f 197/348 216/310 77/349
f 216/310 297/325 77/349
f 77/349 297/325 199/354
f 297/325 217/316 199/354
f 199/354 217/316 78/350
f 324/334 218/319 323/335
f 323/335 218/319 192/321
f 218/319 324/334 79/352
f 79/352 324/334 339/358
f 217/316 298/315 78/350
f 78/350 298/315 198/351
f 298/320 218/319 198/353
f 198/353 218/319 79/352
f 201/357 299/332 73/356
f 73/356 299/332 212/328
f 248/37 302/375 101/39
f 101/39 302/375 221/376
f 302/375 248/37 222/377
f 222/377 248/37 13/38
f 108/50 303/378 107/51
f 107/51 303/378 223/379
f 303/378 108/50 221/376
f 221/376 108/50 101/39
f 112/56 304/380 111/57
f 111/57 304/380 224/381
f 304/380 112/56 223/379
f 223/379 112/56 107/51
f 305/382 225/383 116/62
f 116/62 225/383 115/63
f 224/381 305/382 111/57
f 111/57 305/382 116/62
f 306/384 226/385 120/68
f 120/68 226/385 119/69
f 225/383 306/384 115/63
f 115/63 306/384 120/68
f 307/386 227/387 123/74
f 123/74 227/387 122/75
f 226/385 307/386 119/69
f 119/69 307/386 123/74
f 347/388 346/389 153/168
f 153/168 346/389 152/169
f 153/168 122/75 347/388
f 347/388 122/75 227/387
f 345/390 344/391 242/187
f 242/187 344/391 243/189
f 242/187 152/169 345/390
f 345/390 152/169 346/389
f 168/210 316/392 13/38
f 13/38 316/392 222/377
f 317/393 128/91 233/199
f 233/199 128/91 31/93
f 128/91 317/393 46/92
f 46/92 317/393 163/394
f 317/393 236/395 163/394
f 163/394 236/395 80/396
f 317/393 233/199 236/395
f 236/395 233/199 81/200
f 235/397 318/398 81/200
f 81/200 318/398 236/395
f 318/398 234/399 236/395
f 236/395 234/399 80/396
f 234/399 318/398 4/400
f 4/400 318/398 88/401
f 318/398 235/397 88/401
f 88/401 235/397 3/402
f 237/403 319/404 82/194
f 82/194 319/404 238/201
f 319/404 235/397 238/201
f 238/201 235/397 81/200
f 235/397 319/404 3/402
f 3/402 319/404 87/405
f 319/404 237/403 87/405
f 87/405 237/403 2/406
f 320/407 237/403 240/195
f 240/195 237/403 82/194
f 237/403 320/407 2/406
f 2/406 320/407 86/408
f 86/408 320/407 1/409
f 1/409 320/407 162/410
f 320/407 240/195 162/410
f 162/410 240/195 83/197
f 1/409 162/410 5/411
f 5/411 162/410 241/412
f 162/410 83/197 241/412
f 241/412 83/197 84/190
f 243/189 159/413 84/190
f 84/190 159/413 241/412
f 241/412 159/413 5/411
f 5/411 159/413 85/414
f 344/391 343/415 243/189
f 243/189 343/415 159/413
f 343/415 89/416 159/413
f 159/413 89/416 85/414
f 145/150 2067/151 322/271
f 322/271 2067/151 2068/417
f 322/271 181/246 340/77
f 340/77 181/246 26/84
f 2068/417 2084/323 322/271
f 322/271 2084/323 181/246
f 326/373 325/374 47/206
f 47/206 325/374 166/204
f 326/373 327/372 208/209
f 208/209 327/372 288/215
f 48/213 328/371 169/212
f 169/212 328/371 327/372
f 328/371 329/370 207/216
f 207/216 329/370 287/256
f 287/256 329/370 2073/298
f 2073/298 329/370 2078/369
f 331/366 330/367 74/342
f 74/342 330/367 213/289
f 332/365 333/364 205/128
f 205/128 333/364 286/129
f 334/363 333/364 59/222
f 59/222 333/364 172/220
f 334/363 335/362 204/132
f 204/132 335/362 285/144
f 62/231 336/361 175/230
f 175/230 336/361 335/362
f 203/145 336/361 284/267
f 284/267 336/361 337/360
f 67/239 338/359 178/238
f 178/238 338/359 337/360
f 339/358 324/334 201/357
f 201/357 324/334 299/332
f 300/19 219/20 2018/418
f 2018/418 219/20 2023/419
f 219/20 301/34 2023/419
f 2023/419 301/34 2022/420
f 301/34 220/36 2022/420
f 2022/420 220/36 2024/421
f 302/375 675/422 221/376
f 221/376 675/422 593/423
f 222/377 594/424 302/375
f 302/375 594/424 675/422
f 303/378 676/425 223/379
f 223/379 676/425 595/426
f 303/378 221/376 676/425
f 676/425 221/376 593/423
f 304/380 677/427 224/381
f 224/381 677/427 596/428
f 223/379 595/426 304/380
f 304/380 595/426 677/427
f 305/382 678/429 225/383
f 225/383 678/429 597/430
f 224/381 596/428 305/382
f 305/382 596/428 678/429
f 306/384 679/431 226/385
f 226/385 679/431 598/432
f 225/383 597/430 306/384
f 306/384 597/430 679/431
f 227/387 307/386 599/433
f 599/433 307/386 680/434
f 226/385 598/432 307/386
f 307/386 598/432 680/434
f 2038/435 681/436 2037/437
f 2037/437 681/436 600/438
f 2039/439 601/440 2038/435
f 2038/435 601/440 681/436
f 2040/441 609/442 2039/439
f 2039/439 609/442 601/440
f 32/96 309/97 2034/443
f 2034/443 309/97 2020/444
f 682/445 2020/446 603/447
f 603/447 2020/446 2021/448
f 35/108 310/109 2032/449
f 2032/449 310/109 2033/450
f 310/109 32/96 2033/450
f 2033/450 32/96 2034/443
f 220/36 311/125 2024/421
f 2024/421 311/125 2025/451
f 605/452 2026/453 685/454
f 685/454 2026/453 2027/455
f 2036/456 686/457 2035/458
f 2035/458 686/457 606/459
f 2037/437 600/438 2036/460
f 2036/460 600/438 686/461
f 347/388 1972/462 346/389
f 346/389 1972/462 1971/463
f 227/387 599/433 347/388
f 347/388 599/433 1972/462
f 2017/464 687/465 2021/448
f 2021/448 687/465 603/447
f 2035/458 606/459 2017/464
f 2017/464 606/459 687/465
f 230/177 314/178 2028/466
f 2028/466 314/178 2029/467
f 314/178 231/180 2029/467
f 2029/467 231/180 2030/468
f 231/180 315/186 2030/468
f 2030/468 315/186 2031/469
f 315/186 35/108 2031/469
f 2031/469 35/108 2032/449
f 345/390 1970/470 344/391
f 344/391 1970/470 1969/471
f 346/389 1971/463 345/390
f 345/390 1971/463 1970/470
f 2041/472 690/473 2040/441
f 2040/441 690/473 609/442
f 2042/474 613/475 2041/472
f 2041/472 613/475 690/473
f 316/392 691/476 222/377
f 222/377 691/476 594/424
f 2043/477 693/478 2042/474
f 2042/474 693/478 613/475
f 2044/479 435/480 2043/477
f 2043/477 435/480 693/478
f 89/416 343/415 436/481
f 436/481 343/415 1968/482
f 343/415 344/391 1968/482
f 1968/482 344/391 1969/471
f 437/483 354/484 623/485
f 623/485 354/484 438/486
f 353/487 437/483 439/488
f 439/488 437/483 623/485
f 440/489 353/487 624/490
f 624/490 353/487 439/488
f 355/491 440/489 441/492
f 441/492 440/489 624/490
f 357/493 442/494 356/495
f 356/495 442/494 444/496
f 442/494 358/497 444/496
f 444/496 358/497 443/498
f 354/484 437/483 445/499
f 445/499 437/483 625/500
f 437/483 353/487 625/500
f 625/500 353/487 446/501
f 360/502 447/503 446/501
f 446/501 447/503 625/500
f 447/503 359/504 625/500
f 625/500 359/504 445/499
f 353/487 440/489 446/501
f 446/501 440/489 626/505
f 440/489 355/491 626/505
f 626/505 355/491 448/506
f 361/507 449/508 448/506
f 448/506 449/508 626/505
f 449/508 360/502 626/505
f 626/505 360/502 446/501
f 358/497 442/494 362/509
f 362/509 442/494 627/510
f 442/494 357/493 627/510
f 627/510 357/493 450/511
f 364/512 451/513 363/514
f 363/514 451/513 452/515
f 451/513 357/493 452/515
f 452/515 357/493 356/495
f 359/504 447/503 453/516
f 453/516 447/503 628/517
f 447/503 360/502 628/517
f 628/517 360/502 454/518
f 366/519 455/520 454/518
f 454/518 455/520 628/517
f 455/520 365/521 628/517
f 628/517 365/521 453/516
f 357/493 451/513 450/511
f 450/511 451/513 457/522
f 451/513 364/512 457/522
f 457/522 364/512 456/523
f 458/524 364/512 459/525
f 459/525 364/512 363/514
f 367/526 458/524 368/527
f 368/527 458/524 459/525
f 364/512 458/524 456/523
f 456/523 458/524 461/528
f 458/524 367/526 461/528
f 461/528 367/526 460/529
f 370/530 369/531 462/532
f 462/532 369/531 463/533
f 463/533 367/526 462/532
f 462/532 367/526 368/527
f 367/526 463/533 460/529
f 460/529 463/533 465/534
f 369/531 464/535 463/533
f 463/533 464/535 465/534
f 372/536 371/537 466/538
f 466/538 371/537 467/539
f 369/531 370/530 467/539
f 467/539 370/530 466/538
f 464/535 369/531 469/540
f 469/540 369/531 467/539
f 371/537 468/541 467/539
f 467/539 468/541 469/540
f 373/542 374/543 629/544
f 629/544 374/543 470/545
f 371/537 372/536 470/545
f 470/545 372/536 629/544
f 468/541 371/537 472/546
f 472/546 371/537 470/545
f 374/543 471/547 470/545
f 470/545 471/547 472/546
f 376/548 473/549 1965/550
f 1965/550 473/549 1966/551
f 473/549 378/552 1966/551
f 1966/551 378/552 1967/553
f 377/554 474/555 1967/553
f 1967/553 474/555 1966/551
f 474/555 375/556 1966/551
f 1966/551 375/556 1965/550
f 379/557 476/558 475/559
f 475/559 476/558 630/560
f 476/558 380/561 630/560
f 630/560 380/561 477/562
f 378/552 473/549 477/562
f 477/562 473/549 630/560
f 473/549 376/548 630/560
f 630/560 376/548 475/559
f 477/562 380/561 478/563
f 478/563 380/561 400/564
f 477/562 478/563 378/552
f 378/552 478/563 381/565
f 479/566 382/567 631/568
f 631/568 382/567 480/569
f 480/570 383/571 631/572
f 631/572 383/571 481/573
f 385/574 482/575 481/573
f 481/573 482/575 631/572
f 384/576 479/566 482/577
f 482/577 479/566 631/568
f 483/578 386/579 632/580
f 632/580 386/579 484/581
f 382/567 479/566 484/581
f 484/581 479/566 632/580
f 479/566 384/576 632/580
f 632/580 384/576 485/582
f 387/583 483/578 485/582
f 485/582 483/578 632/580
f 486/584 387/583 633/585
f 633/585 387/583 485/582
f 384/576 487/586 485/582
f 485/582 487/586 633/585
f 487/586 388/587 633/585
f 633/585 388/587 512/588
f 391/589 486/584 512/588
f 512/588 486/584 633/585
f 488/590 392/591 634/592
f 634/592 392/591 489/593
f 489/593 389/594 634/592
f 634/592 389/594 490/595
f 387/583 486/584 490/595
f 490/595 486/584 634/592
f 391/589 488/590 486/584
f 486/584 488/590 634/592
f 360/502 449/508 454/518
f 454/518 449/508 635/596
f 449/508 361/507 635/596
f 635/596 361/507 491/597
f 390/598 492/599 491/597
f 491/597 492/599 635/596
f 492/599 366/519 635/596
f 635/596 366/519 454/518
f 576/600 406/601 660/602
f 660/602 406/601 493/603
f 404/604 575/605 493/603
f 493/603 575/605 660/602
f 455/520 366/519 636/606
f 636/606 366/519 494/607
f 392/608 488/609 494/607
f 494/607 488/609 636/606
f 488/609 391/610 636/606
f 636/606 391/610 495/611
f 365/521 455/520 495/611
f 495/611 455/520 636/606
f 492/599 390/598 637/612
f 637/612 390/598 496/613
f 393/614 509/615 496/613
f 496/613 509/615 637/612
f 509/615 392/608 637/612
f 637/612 392/608 494/607
f 366/519 492/599 494/607
f 494/607 492/599 637/612
f 407/616 574/617 497/618
f 497/618 574/617 659/619
f 575/605 404/604 659/619
f 659/619 404/604 497/618
f 2088/620 2089/621 652/622
f 652/622 2089/621 553/623
f 498/624 379/557 638/625
f 638/625 379/557 475/559
f 376/548 499/626 475/559
f 475/559 499/626 638/625
f 499/627 395/628 638/629
f 638/629 395/628 500/630
f 396/631 498/632 500/630
f 500/630 498/632 638/629
f 398/633 397/634 501/635
f 501/635 397/634 502/636
f 374/543 373/542 502/636
f 502/636 373/542 501/635
f 503/637 375/556 639/638
f 639/638 375/556 474/555
f 377/554 504/639 474/555
f 474/555 504/639 639/638
f 504/639 398/633 639/638
f 639/638 398/633 501/635
f 373/542 503/637 501/635
f 501/635 503/637 639/638
f 471/547 374/543 506/640
f 506/640 374/543 502/636
f 397/634 505/641 502/636
f 502/636 505/641 506/640
f 610/642 1967/553 381/565
f 381/565 1967/553 378/552
f 399/643 377/554 610/642
f 610/642 377/554 1967/553
f 507/644 385/574 640/645
f 640/645 385/574 481/573
f 383/571 508/646 481/573
f 481/573 508/646 640/645
f 508/646 396/631 640/645
f 640/645 396/631 500/630
f 395/628 507/644 500/630
f 500/630 507/644 640/645
f 509/647 393/648 641/649
f 641/649 393/648 510/650
f 401/651 511/652 510/650
f 510/650 511/652 641/649
f 511/652 389/594 641/649
f 641/649 389/594 489/593
f 392/591 509/647 489/593
f 489/593 509/647 641/649
f 507/644 395/628 642/653
f 642/653 395/628 539/654
f 388/587 487/586 539/655
f 539/655 487/586 642/656
f 384/576 482/577 487/586
f 487/586 482/577 642/656
f 482/575 385/574 642/653
f 642/653 385/574 507/644
f 389/594 511/652 490/595
f 490/595 511/652 643/657
f 511/652 401/651 643/657
f 643/657 401/651 513/658
f 386/579 483/578 513/658
f 513/658 483/578 643/657
f 483/578 387/583 643/657
f 643/657 387/583 490/595
f 505/641 397/634 621/659
f 621/659 397/634 514/660
f 430/661 622/662 514/660
f 514/660 622/662 621/659
f 399/643 517/663 516/664
f 516/664 517/663 644/665
f 517/663 428/666 644/665
f 644/665 428/666 619/667
f 619/667 429/668 644/665
f 644/665 429/668 618/669
f 618/669 398/633 644/665
f 644/665 398/633 516/664
f 429/668 430/661 618/669
f 618/669 430/661 514/660
f 397/634 398/633 514/660
f 514/660 398/633 618/669
f 517/663 399/643 645/670
f 645/670 399/643 610/642
f 381/565 611/671 610/642
f 610/642 611/671 645/670
f 611/671 427/672 645/670
f 645/670 427/672 617/673
f 428/666 517/663 617/673
f 617/673 517/663 645/670
f 358/497 521/674 443/498
f 443/498 521/674 520/675
f 522/676 402/677 646/678
f 646/678 402/677 523/679
f 443/498 520/675 523/679
f 523/679 520/675 646/678
f 354/484 580/680 438/486
f 438/486 580/680 662/681
f 521/674 358/497 524/682
f 524/682 358/497 362/509
f 402/677 525/683 523/679
f 523/679 525/683 647/684
f 525/683 403/685 647/684
f 647/684 403/685 526/686
f 356/495 444/496 526/686
f 526/686 444/496 647/684
f 444/496 443/498 647/684
f 647/684 443/498 523/679
f 580/680 354/484 661/687
f 661/687 354/484 445/499
f 359/504 579/688 445/499
f 445/499 579/688 661/687
f 527/689 410/690 648/691
f 648/691 410/690 528/692
f 405/693 529/694 528/692
f 528/692 529/694 648/691
f 411/695 530/696 529/697
f 529/697 530/696 648/698
f 530/696 409/699 648/698
f 648/698 409/699 527/700
f 529/694 405/693 649/701
f 649/701 405/693 531/702
f 408/703 532/704 531/702
f 531/702 532/704 649/701
f 532/705 412/706 649/707
f 649/707 412/706 533/708
f 533/708 411/695 649/707
f 649/707 411/695 529/697
f 532/704 408/703 650/709
f 650/709 408/703 534/710
f 534/710 413/711 650/709
f 650/709 413/711 535/712
f 535/713 414/714 650/715
f 650/715 414/714 536/716
f 412/706 532/705 536/716
f 536/716 532/705 650/715
f 375/556 503/637 394/717
f 394/717 503/637 538/718
f 503/637 373/542 538/718
f 538/718 373/542 629/544
f 372/536 537/719 629/544
f 629/544 537/719 538/718
f 377/554 399/643 504/639
f 504/639 399/643 516/664
f 516/664 398/633 504/639
f 537/719 372/536 541/720
f 541/720 372/536 466/538
f 370/530 540/721 466/538
f 466/538 540/721 541/720
f 540/721 370/530 543/722
f 543/722 370/530 462/532
f 462/532 368/527 543/722
f 543/722 368/527 542/723
f 368/527 459/525 542/723
f 542/723 459/525 545/724
f 459/525 363/514 545/724
f 545/724 363/514 544/725
f 403/685 546/726 526/686
f 526/686 546/726 547/727
f 363/514 452/515 544/725
f 544/725 452/515 547/727
f 452/515 356/495 547/727
f 547/727 356/495 526/686
f 579/688 359/504 578/728
f 578/728 359/504 453/516
f 365/521 548/729 453/516
f 453/516 548/729 578/728
f 548/729 365/521 550/730
f 550/730 365/521 495/611
f 391/610 549/731 495/611
f 495/611 549/731 550/730
f 388/732 551/733 512/734
f 512/734 551/733 552/735
f 549/731 391/610 552/735
f 552/735 391/610 512/734
f 388/732 539/736 551/733
f 551/733 539/736 651/737
f 539/736 395/738 651/737
f 651/737 395/738 553/623
f 407/616 554/739 574/617
f 574/617 554/739 658/740
f 573/741 658/740 415/742
f 415/742 658/740 554/739
f 395/738 499/626 553/623
f 553/623 499/626 652/622
f 1946/743 652/622 1965/550
f 652/622 499/626 1965/550
f 499/626 376/548 1965/550
f 549/731 2092/744 550/730
f 550/730 2092/744 2093/745
f 664/746 653/747 581/748
f 581/748 653/747 555/749
f 583/750 556/751 664/746
f 664/746 556/751 653/747
f 2094/752 548/729 2093/745
f 2093/745 548/729 550/730
f 551/733 2096/753 552/735
f 552/735 2096/753 2091/754
f 663/755 654/756 582/757
f 582/757 654/756 557/758
f 581/748 555/749 663/755
f 663/755 555/749 654/756
f 2092/744 549/731 2091/754
f 2091/754 549/731 552/735
f 547/727 546/726 2099/759
f 2099/759 546/726 2098/760
f 585/761 668/762 558/763
f 558/763 668/762 655/764
f 668/765 587/766 655/767
f 655/767 587/766 559/768
f 544/725 547/727 2100/769
f 2100/769 547/727 2099/759
f 548/729 2094/752 578/728
f 578/728 2094/752 2095/770
f 666/771 2061/772 583/750
f 583/750 2061/772 556/751
f 545/724 544/725 2101/773
f 2101/773 544/725 2100/769
f 587/766 667/774 559/768
f 559/768 667/774 2062/775
f 667/774 586/776 2062/775
f 2062/775 586/776 560/777
f 542/723 545/724 2102/778
f 2102/778 545/724 2101/773
f 543/722 542/723 2103/779
f 2103/779 542/723 2102/778
f 586/776 669/780 560/777
f 560/777 669/780 2063/781
f 588/782 561/783 669/780
f 669/780 561/783 2063/781
f 2104/784 540/721 2103/779
f 2103/779 540/721 543/722
f 537/719 2106/785 538/718
f 538/718 2106/785 2107/786
f 671/787 656/788 589/789
f 589/789 656/788 562/790
f 590/791 563/792 671/793
f 671/793 563/792 656/794
f 2108/795 394/717 2107/786
f 2107/786 394/717 538/718
f 540/721 2104/784 541/720
f 541/720 2104/784 2105/796
f 670/797 2064/798 588/782
f 588/782 2064/798 561/783
f 589/789 562/790 670/797
f 670/797 562/790 2064/798
f 2106/785 537/719 2105/796
f 2105/796 537/719 541/720
f 651/737 553/623 2090/799
f 2090/799 553/623 2089/621
f 584/800 665/801 2059/802
f 2059/802 665/801 2060/803
f 665/801 582/757 2060/803
f 2060/803 582/757 557/758
f 551/733 651/737 2096/753
f 2096/753 651/737 2090/799
f 672/804 584/800 657/805
f 657/805 584/800 2059/802
f 1948/806 672/804 1947/807
f 1947/807 672/804 657/805
f 417/808 404/604 564/809
f 564/809 404/604 493/603
f 564/809 493/603 418/810
f 418/810 493/603 406/601
f 416/811 407/616 565/812
f 565/812 407/616 497/618
f 565/812 497/618 417/808
f 417/808 497/618 404/604
f 566/813 420/814 527/689
f 527/689 420/814 410/690
f 527/700 409/699 566/815
f 566/815 409/699 421/816
f 418/810 406/601 577/817
f 577/817 406/601 576/600
f 567/818 421/816 530/696
f 530/696 421/816 409/699
f 530/696 411/695 567/818
f 567/818 411/695 422/819
f 568/820 422/819 533/708
f 533/708 422/819 411/695
f 568/820 533/708 423/821
f 423/821 533/708 412/706
f 424/822 414/714 569/823
f 569/823 414/714 535/713
f 569/824 535/712 425/825
f 425/825 535/712 413/711
f 423/821 412/706 570/826
f 570/826 412/706 536/716
f 570/826 536/716 424/822
f 424/822 536/716 414/714
f 571/827 419/828 554/739
f 554/739 419/828 415/742
f 554/739 407/616 571/827
f 571/827 407/616 416/811
f 419/828 572/829 415/742
f 415/742 572/829 573/741
f 572/829 1964/830 573/741
f 573/741 1964/830 1963/831
f 425/825 413/711 1964/830
f 1964/830 413/711 1963/831
f 658/740 573/741 1962/832
f 1962/832 573/741 1963/831
f 408/703 1961/833 534/710
f 534/710 1961/833 1962/832
f 574/617 1961/833 659/619
f 659/619 1961/833 1960/834
f 405/693 1959/835 531/702
f 531/702 1959/835 1960/834
f 575/605 1959/835 660/602
f 660/602 1959/835 1958/836
f 410/690 1957/837 528/692
f 528/692 1957/837 1958/836
f 577/817 576/600 1956/838
f 1956/838 576/600 1957/837
f 420/814 1956/838 410/690
f 410/690 1956/838 1957/837
f 2061/772 666/771 1954/839
f 1954/839 666/771 1955/840
f 546/726 1953/841 2098/760
f 2098/760 1953/841 2097/842
f 403/685 1952/843 546/726
f 546/726 1952/843 1953/841
f 579/688 1952/843 661/687
f 661/687 1952/843 1951/844
f 525/683 402/677 1951/844
f 1951/844 402/677 1950/845
f 580/680 1950/845 662/681
f 662/681 1950/845 1949/846
f 417/808 581/748 565/812
f 565/812 581/748 663/755
f 582/757 416/811 663/755
f 663/755 416/811 565/812
f 583/750 418/810 666/771
f 666/771 418/810 577/817
f 581/748 417/808 664/746
f 664/746 417/808 564/809
f 418/810 583/750 564/809
f 564/809 583/750 664/746
f 571/827 416/811 665/801
f 665/801 416/811 582/757
f 419/828 571/827 584/800
f 584/800 571/827 665/801
f 666/771 577/817 1955/840
f 1955/840 577/817 1956/838
f 1955/840 585/761 1954/839
f 1954/839 585/761 558/763
f 567/818 422/819 667/774
f 667/774 422/819 586/776
f 421/816 567/818 587/766
f 587/766 567/818 667/774
f 420/814 566/813 585/761
f 585/761 566/813 668/762
f 566/815 421/816 668/765
f 668/765 421/816 587/766
f 422/819 568/820 586/776
f 586/776 568/820 669/780
f 423/821 588/782 568/820
f 568/820 588/782 669/780
f 588/782 423/821 670/797
f 670/797 423/821 570/826
f 424/822 589/789 570/826
f 570/826 589/789 670/797
f 1948/806 1947/807 590/791
f 590/791 1947/807 563/792
f 590/791 425/825 1948/806
f 1948/806 425/825 1964/830
f 589/789 424/822 671/787
f 671/787 424/822 569/823
f 425/825 590/791 569/824
f 569/824 590/791 671/793
f 572/829 419/828 672/804
f 672/804 419/828 584/800
f 591/847 355/491 673/848
f 673/848 355/491 441/492
f 355/491 591/847 448/506
f 448/506 591/847 674/849
f 592/850 361/507 674/849
f 674/849 361/507 448/506
f 627/510 450/511 675/422
f 675/422 450/511 593/423
f 362/509 627/510 594/424
f 594/424 627/510 675/422
f 457/522 456/523 676/425
f 676/425 456/523 595/426
f 450/511 457/522 593/423
f 593/423 457/522 676/425
f 460/529 596/428 461/528
f 461/528 596/428 677/427
f 456/523 461/528 595/426
f 595/426 461/528 677/427
f 464/535 597/430 465/534
f 465/534 597/430 678/429
f 596/428 460/529 678/429
f 678/429 460/529 465/534
f 468/541 598/432 469/540
f 469/540 598/432 679/431
f 597/430 464/535 679/431
f 679/431 464/535 469/540
f 471/547 599/433 472/546
f 472/546 599/433 680/434
f 598/432 468/541 680/434
f 680/434 468/541 472/546
f 476/558 379/557 681/436
f 681/436 379/557 600/438
f 380/561 476/558 601/440
f 601/440 476/558 681/436
f 380/561 601/440 400/564
f 400/564 601/440 609/442
f 382/567 602/851 480/569
f 480/569 602/851 682/852
f 603/447 383/571 682/445
f 682/445 383/571 480/570
f 386/579 604/853 484/581
f 484/581 604/853 683/854
f 602/851 382/567 683/854
f 683/854 382/567 484/581
f 361/507 592/850 491/597
f 491/597 592/850 684/855
f 605/452 390/598 684/855
f 684/855 390/598 491/597
f 390/598 605/452 496/613
f 496/613 605/452 685/454
f 607/856 393/614 685/454
f 685/454 393/614 496/613
f 396/631 606/459 498/632
f 498/632 606/459 686/457
f 600/438 379/557 686/461
f 686/461 379/557 498/624
f 505/641 1971/463 506/640
f 506/640 1971/463 1972/462
f 506/640 1972/462 471/547
f 471/547 1972/462 599/433
f 508/646 383/571 687/465
f 687/465 383/571 603/447
f 396/631 508/646 606/459
f 606/459 508/646 687/465
f 393/648 607/857 510/650
f 510/650 607/857 688/858
f 608/859 401/651 688/858
f 688/858 401/651 510/650
f 401/651 608/859 513/658
f 513/658 608/859 689/860
f 604/853 386/579 689/860
f 689/860 386/579 513/658
f 622/662 1969/471 621/659
f 621/659 1969/471 1970/470
f 621/659 1970/470 505/641
f 505/641 1970/470 1971/463
f 400/564 609/442 519/861
f 519/861 609/442 690/473
f 613/475 426/862 690/473
f 690/473 426/862 519/861
f 524/682 362/509 691/476
f 691/476 362/509 594/424
f 381/565 478/563 611/671
f 611/671 478/563 692/863
f 478/563 400/564 692/863
f 692/863 400/564 519/861
f 426/862 615/864 519/861
f 519/861 615/864 692/863
f 615/864 427/672 692/863
f 692/863 427/672 611/671
f 426/862 613/475 612/865
f 612/865 613/475 693/478
f 351/866 612/865 435/480
f 435/480 612/865 693/478
f 427/672 615/864 614/867
f 614/867 615/864 694/868
f 615/864 426/862 694/868
f 694/868 426/862 612/865
f 351/866 434/869 612/865
f 612/865 434/869 694/868
f 350/870 614/867 434/869
f 434/869 614/867 694/868
f 616/871 428/666 695/872
f 695/872 428/666 617/673
f 617/673 427/672 695/872
f 695/872 427/672 614/867
f 350/870 433/873 614/867
f 614/867 433/873 695/872
f 433/873 349/874 695/872
f 695/872 349/874 616/871
f 619/667 428/666 696/875
f 696/875 428/666 616/871
f 349/874 432/876 616/871
f 616/871 432/876 696/875
f 432/876 348/877 696/875
f 696/875 348/877 518/878
f 429/668 619/667 518/878
f 518/878 619/667 696/875
f 348/877 352/879 518/878
f 518/878 352/879 620/880
f 430/661 429/668 620/880
f 620/880 429/668 518/878
f 622/662 430/661 515/881
f 515/881 430/661 620/880
f 352/879 431/882 620/880
f 620/880 431/882 515/881
f 1969/471 622/662 1968/482
f 1968/482 622/662 515/881
f 431/882 436/481 515/881
f 515/881 436/481 1968/482
f 698/883 711/884 697/885
f 697/885 711/884 710/886
f 699/887 712/888 698/883
f 698/883 712/888 711/884
f 700/889 713/890 699/887
f 699/887 713/890 712/888
f 701/891 714/892 700/889
f 700/889 714/892 713/890
f 702/893 715/894 701/891
f 701/891 715/894 714/892
f 703/895 716/896 702/893
f 702/893 716/896 715/894
f 704/897 717/898 703/895
f 703/895 717/898 716/896
f 705/899 718/900 704/897
f 704/897 718/900 717/898
f 705/899 706/901 718/900
f 718/900 706/901 719/902
f 706/901 707/903 719/902
f 719/902 707/903 720/904
f 708/905 721/906 707/903
f 707/903 721/906 720/904
f 1332/907 722/908 708/905
f 708/905 722/908 721/906
f 709/909 723/910 1981/911
f 1981/911 723/910 1980/912
f 711/884 725/913 710/886
f 710/886 725/913 724/914
f 712/888 726/915 711/884
f 711/884 726/915 725/913
f 713/890 727/916 712/888
f 712/888 727/916 726/915
f 714/892 728/917 713/890
f 713/890 728/917 727/916
f 715/894 729/918 714/892
f 714/892 729/918 728/917
f 716/896 730/919 715/894
f 715/894 730/919 729/918
f 717/898 731/920 716/896
f 716/896 731/920 730/919
f 718/900 732/921 717/898
f 717/898 732/921 731/920
f 718/900 719/902 732/921
f 732/921 719/902 733/922
f 719/902 720/904 733/922
f 733/922 720/904 734/923
f 721/906 735/924 720/904
f 720/904 735/924 734/923
f 1334/925 722/908 1983/926
f 1983/926 722/908 1980/912
f 725/913 738/927 724/914
f 724/914 738/927 737/928
f 726/915 739/929 725/913
f 725/913 739/929 738/927
f 727/916 740/930 726/915
f 726/915 740/930 739/929
f 728/917 741/931 727/916
f 727/916 741/931 740/930
f 729/918 742/932 728/917
f 728/917 742/932 741/931
f 730/919 743/933 729/918
f 729/918 743/933 742/932
f 731/920 744/934 730/919
f 730/919 744/934 743/933
f 732/921 745/935 731/920
f 731/920 745/935 744/934
f 732/921 733/922 745/935
f 745/935 733/922 746/936
f 734/923 747/937 733/922
f 733/922 747/937 746/936
f 735/924 748/938 734/923
f 734/923 748/938 747/937
f 1335/939 1334/925 1984/940
f 1984/940 1334/925 1983/926
f 737/928 738/927 750/941
f 750/941 738/927 751/942
f 739/929 752/943 738/927
f 738/927 752/943 751/942
f 740/930 753/944 739/929
f 739/929 753/944 752/943
f 741/931 754/945 740/930
f 740/930 754/945 753/944
f 742/932 755/946 741/931
f 741/931 755/946 754/945
f 743/933 756/947 742/932
f 742/932 756/947 755/946
f 744/934 757/948 743/933
f 743/933 757/948 756/947
f 745/935 758/949 744/934
f 744/934 758/949 757/948
f 745/935 746/936 758/949
f 758/949 746/936 759/950
f 747/937 760/951 746/936
f 746/936 760/951 759/950
f 748/938 761/952 747/937
f 747/937 761/952 760/951
f 1336/953 1335/939 1985/954
f 1985/954 1335/939 1984/940
f 750/941 751/942 763/955
f 763/955 751/942 764/956
f 752/943 765/957 751/942
f 751/942 765/957 764/956
f 753/944 766/958 752/943
f 752/943 766/958 765/957
f 754/945 767/959 753/944
f 753/944 767/959 766/958
f 755/946 768/960 754/945
f 754/945 768/960 767/959
f 756/947 769/961 755/946
f 755/946 769/961 768/960
f 757/948 770/962 756/947
f 756/947 770/962 769/961
f 758/949 771/963 757/948
f 757/948 771/963 770/962
f 758/949 759/950 771/963
f 771/963 759/950 772/964
f 760/951 773/965 759/950
f 759/950 773/965 772/964
f 761/952 774/966 760/951
f 760/951 774/966 773/965
f 1337/967 1336/953 1982/968
f 1982/968 1336/953 1985/954
f 763/955 764/956 776/969
f 776/969 764/956 777/970
f 765/957 778/971 764/956
f 764/956 778/971 777/970
f 766/958 779/972 765/957
f 765/957 779/972 778/971
f 767/959 780/973 766/958
f 766/958 780/973 779/972
f 768/960 781/974 767/959
f 767/959 781/974 780/973
f 769/961 782/975 768/960
f 768/960 782/975 781/974
f 770/962 783/976 769/961
f 769/961 783/976 782/975
f 771/963 784/977 770/962
f 770/962 784/977 783/976
f 771/963 772/964 784/977
f 784/977 772/964 785/978
f 772/964 773/965 785/978
f 785/978 773/965 786/979
f 774/966 787/980 773/965
f 773/965 787/980 786/979
f 3/402 1337/967 88/401
f 88/401 1337/967 1982/968
f 776/969 777/970 788/981
f 788/981 777/970 789/982
f 778/971 790/983 777/970
f 777/970 790/983 789/982
f 779/972 791/984 778/971
f 778/971 791/984 790/983
f 780/973 792/985 779/972
f 779/972 792/985 791/984
f 781/974 793/986 780/973
f 780/973 793/986 792/985
f 782/975 794/987 781/974
f 781/974 794/987 793/986
f 783/976 795/988 782/975
f 782/975 795/988 794/987
f 784/977 796/989 783/976
f 783/976 796/989 795/988
f 784/977 785/978 796/989
f 796/989 785/978 797/990
f 785/978 786/979 797/990
f 797/990 786/979 798/991
f 787/980 799/992 786/979
f 786/979 799/992 798/991
f 788/981 789/982 800/993
f 800/993 789/982 801/994
f 790/983 802/995 789/982
f 789/982 802/995 801/994
f 791/984 803/996 790/983
f 790/983 803/996 802/995
f 792/985 804/997 791/984
f 791/984 804/997 803/996
f 793/986 805/998 792/985
f 792/985 805/998 804/997
f 794/987 806/999 793/986
f 793/986 806/999 805/998
f 795/988 807/1000 794/987
f 794/987 807/1000 806/999
f 796/989 808/1001 795/988
f 795/988 808/1001 807/1000
f 796/989 797/990 808/1001
f 808/1001 797/990 809/1002
f 797/990 798/991 809/1002
f 809/1002 798/991 810/1003
f 799/992 811/1004 798/991
f 798/991 811/1004 810/1003
f 800/993 801/994 812/1005
f 812/1005 801/994 813/1006
f 802/995 814/1007 801/994
f 801/994 814/1007 813/1006
f 803/996 815/1008 802/995
f 802/995 815/1008 814/1007
f 804/997 816/1009 803/996
f 803/996 816/1009 815/1008
f 805/998 817/1010 804/997
f 804/997 817/1010 816/1009
f 806/999 818/1011 805/998
f 805/998 818/1011 817/1010
f 807/1000 819/1012 806/999
f 806/999 819/1012 818/1011
f 808/1001 820/1013 807/1000
f 807/1000 820/1013 819/1012
f 808/1001 809/1002 820/1013
f 820/1013 809/1002 821/1014
f 809/1002 810/1003 821/1014
f 821/1014 810/1003 822/1015
f 811/1004 823/1016 810/1003
f 810/1003 823/1016 822/1015
f 812/1005 813/1006 824/1017
f 824/1017 813/1006 825/1018
f 814/1007 826/1019 813/1006
f 813/1006 826/1019 825/1018
f 815/1008 827/1020 814/1007
f 814/1007 827/1020 826/1019
f 816/1009 828/1021 815/1008
f 815/1008 828/1021 827/1020
f 817/1010 829/1022 816/1009
f 816/1009 829/1022 828/1021
f 818/1011 830/1023 817/1010
f 817/1010 830/1023 829/1022
f 819/1012 831/1024 818/1011
f 818/1011 831/1024 830/1023
f 819/1012 820/1013 831/1024
f 831/1024 820/1013 832/1025
f 820/1013 821/1014 832/1025
f 832/1025 821/1014 833/1026
f 821/1014 822/1015 833/1026
f 833/1026 822/1015 834/1027
f 822/1015 823/1016 834/1027
f 834/1027 823/1016 835/1028
f 824/1017 825/1018 847/1029
f 847/1029 825/1018 836/1030
f 826/1019 837/1031 825/1018
f 825/1018 837/1031 836/1030
f 827/1020 838/1032 826/1019
f 826/1019 838/1032 837/1031
f 828/1021 839/1033 827/1020
f 827/1020 839/1033 838/1032
f 829/1022 840/1034 828/1021
f 828/1021 840/1034 839/1033
f 830/1023 841/1035 829/1022
f 829/1022 841/1035 840/1034
f 831/1024 842/1036 830/1023
f 830/1023 842/1036 841/1035
f 831/1024 832/1025 842/1036
f 842/1036 832/1025 843/1037
f 832/1025 833/1026 843/1037
f 843/1037 833/1026 844/1038
f 834/1027 845/1039 833/1026
f 833/1026 845/1039 844/1038
f 834/1027 835/1028 845/1039
f 845/1039 835/1028 846/1040
f 847/1029 836/1030 848/1041
f 848/1041 836/1030 849/1042
f 836/1030 837/1031 849/1042
f 849/1042 837/1031 850/1043
f 837/1031 838/1032 850/1043
f 850/1043 838/1032 851/1044
f 838/1032 839/1033 851/1044
f 851/1044 839/1033 852/1045
f 840/1034 853/1046 839/1033
f 839/1033 853/1046 852/1045
f 841/1035 854/1047 840/1034
f 840/1034 854/1047 853/1046
f 842/1036 855/1048 841/1035
f 841/1035 855/1048 854/1047
f 842/1036 843/1037 855/1048
f 855/1048 843/1037 856/1049
f 844/1038 857/1050 843/1037
f 843/1037 857/1050 856/1049
f 845/1039 858/1051 844/1038
f 844/1038 858/1051 857/1050
f 846/1040 859/1052 845/1039
f 845/1039 859/1052 858/1051
f 848/1041 849/1042 860/1053
f 860/1053 849/1042 861/1054
f 849/1042 850/1043 861/1054
f 861/1054 850/1043 862/1055
f 850/1043 851/1044 862/1055
f 862/1055 851/1044 863/1056
f 854/1047 855/1048 864/1057
f 856/1049 865/1058 855/1048
f 855/1048 865/1058 864/1057
f 857/1050 866/1059 856/1049
f 856/1049 866/1059 865/1058
f 858/1051 867/1060 857/1050
f 857/1050 867/1060 866/1059
f 859/1052 868/1061 858/1051
f 858/1051 868/1061 867/1060
f 860/1053 861/1054 869/1062
f 869/1062 861/1054 870/1063
f 861/1054 862/1055 870/1063
f 870/1063 862/1055 871/1064
f 869/1062 870/1063 872/1065
f 872/1065 870/1063 873/1066
f 871/1064 874/1067 870/1063
f 870/1063 874/1067 873/1066
f 876/1068 875/1069 866/1059
f 866/1059 875/1069 865/1058
f 867/1060 877/1070 866/1059
f 866/1059 877/1070 876/1068
f 868/1061 878/1071 867/1060
f 867/1060 878/1071 877/1070
f 872/1065 873/1066 879/1072
f 879/1072 873/1066 880/1073
f 874/1067 881/1074 873/1066
f 873/1066 881/1074 880/1073
f 882/1075 875/1069 883/1076
f 883/1076 875/1069 876/1068
f 876/1068 877/1070 883/1076
f 883/1076 877/1070 884/1077
f 878/1071 885/1078 877/1070
f 877/1070 885/1078 884/1077
f 879/1072 880/1073 886/1079
f 886/1079 880/1073 887/1080
f 880/1073 881/1074 887/1080
f 887/1080 881/1074 888/1081
f 890/1082 889/1083 883/1076
f 883/1076 889/1083 882/1075
f 883/1076 884/1077 890/1082
f 890/1082 884/1077 891/1084
f 885/1078 892/1085 884/1077
f 884/1077 892/1085 891/1084
f 886/1079 887/1080 893/1086
f 893/1086 887/1080 894/1087
f 887/1080 888/1081 894/1087
f 894/1087 888/1081 895/1088
f 889/1083 890/1082 1314/1089
f 1314/1089 890/1082 896/1090
f 890/1082 891/1084 896/1090
f 896/1090 891/1084 897/1091
f 891/1084 892/1085 897/1091
f 897/1091 892/1085 1315/1092
f 892/1085 1338/1093 1315/1092
f 1315/1092 1338/1093 898/1094
f 1986/1095 1338/1093 1987/1096
f 1987/1096 1338/1093 321/1097
f 893/1086 894/1087 899/1098
f 899/1098 894/1087 900/1099
f 894/1087 895/1088 900/1099
f 900/1099 895/1088 901/1100
f 1313/1101 1312/1102 906/1103
f 906/1103 1312/1102 907/1104
f 698/883 697/885 908/1105
f 699/887 698/883 908/1105
f 700/889 699/887 908/1105
f 701/891 700/889 908/1105
f 702/893 701/891 908/1105
f 703/895 702/893 908/1105
f 704/897 703/895 908/1105
f 705/899 704/897 908/1105
f 706/901 705/899 908/1105
f 707/903 706/901 908/1105
f 708/905 707/903 908/1105
f 708/905 908/1105 1332/907
f 709/909 1981/911 908/1105
f 942/1106 981/1107 1008/1108
f 1008/1108 981/1107 1045/1109
f 1008/1108 1029/1110 942/1106
f 942/1106 1029/1110 957/1111
f 943/1112 959/1113 1008/1108
f 1008/1108 959/1113 1029/1110
f 1008/1108 1045/1109 943/1112
f 943/1112 1045/1109 982/1114
f 944/1115 980/1116 1009/1117
f 1009/1117 980/1116 1044/1118
f 1009/1117 1030/1119 944/1115
f 944/1115 1030/1119 956/1120
f 942/1106 957/1111 1009/1117
f 1009/1117 957/1111 1030/1119
f 1009/1117 1044/1118 942/1106
f 942/1106 1044/1118 981/1107
f 945/1121 979/1122 1010/1123
f 1010/1123 979/1122 1043/1124
f 1010/1123 1028/1125 945/1121
f 945/1121 1028/1125 954/1126
f 944/1115 956/1120 1010/1123
f 1010/1123 956/1120 1028/1125
f 1010/1123 1043/1124 944/1115
f 944/1115 1043/1124 980/1116
f 978/1127 1042/1128 946/1129
f 946/1129 1042/1128 1011/1130
f 1011/1130 1031/1131 946/1129
f 946/1129 1031/1131 961/1132
f 945/1121 954/1126 1011/1130
f 1011/1130 954/1126 1031/1131
f 1011/1130 1042/1128 945/1121
f 945/1121 1042/1128 979/1122
f 1033/1133 965/1134 1012/1135
f 1012/1135 965/1134 947/1136
f 961/1132 1033/1133 946/1129
f 946/1129 1033/1133 1012/1135
f 1012/1135 947/1136 1068/1137
f 1068/1137 947/1136 1067/1138
f 977/1139 1041/1140 948/1141
f 948/1141 1041/1140 1013/1142
f 1035/1143 969/1144 1013/1142
f 1013/1142 969/1144 948/1141
f 965/1134 1035/1143 947/1136
f 947/1136 1035/1143 1013/1142
f 1041/1140 1067/1138 1013/1142
f 1013/1142 1067/1138 947/1136
f 976/1145 1040/1146 949/1147
f 949/1147 1040/1146 1014/1148
f 1037/1149 972/1150 1014/1148
f 1014/1148 972/1150 949/1147
f 969/1144 1037/1149 948/1141
f 948/1141 1037/1149 1014/1148
f 1040/1146 977/1139 1014/1148
f 1014/1148 977/1139 948/1141
f 974/1151 1039/1152 950/1153
f 950/1153 1039/1152 1015/1154
f 1036/1155 968/1156 1015/1154
f 1015/1154 968/1156 950/1153
f 972/1150 1036/1155 949/1147
f 949/1147 1036/1155 1015/1154
f 1039/1152 976/1145 1015/1154
f 1015/1154 976/1145 949/1147
f 975/1157 1038/1158 951/1159
f 951/1159 1038/1158 1016/1160
f 1034/1161 964/1162 1016/1160
f 1016/1160 964/1162 951/1159
f 968/1156 1034/1161 950/1153
f 950/1153 1034/1161 1016/1160
f 1038/1158 974/1151 1016/1160
f 1016/1160 974/1151 950/1153
f 943/1112 982/1114 1017/1163
f 1017/1163 982/1114 1046/1164
f 1017/1163 1032/1165 943/1112
f 943/1112 1032/1165 959/1113
f 951/1159 964/1162 1017/1163
f 1017/1163 964/1162 1032/1165
f 1017/1163 1046/1164 951/1159
f 951/1159 1046/1164 975/1157
f 1039/1152 974/1151 1045/1109
f 1045/1109 974/1151 982/1114
f 987/1166 1049/1167 1907/1168
f 1907/1168 1049/1167 1908/1169
f 924/1170 1018/1171 1909/1172
f 1909/1172 1018/1171 1908/1169
f 991/1173 1051/1174 1914/1175
f 1914/1175 1051/1174 1912/1176
f 926/1177 1019/1178 1910/1179
f 1910/1179 1019/1178 1912/1176
f 910/1180 1052/1181 1910/1179
f 1910/1179 1052/1181 1906/1182
f 952/1183 1020/1184 1907/1168
f 1907/1168 1020/1184 1906/1182
f 1053/1185 1911/1186 909/1187
f 909/1187 1911/1186 1909/1172
f 925/1188 1021/1189 1913/1190
f 1913/1190 1021/1189 1911/1186
f 911/1191 1054/1192 1913/1190
f 1913/1190 1054/1192 1915/1193
f 1022/1194 1915/1193 927/1195
f 927/1195 1915/1193 1917/1196
f 1023/1197 1919/1198 928/1199
f 928/1199 1919/1198 1921/1200
f 1047/1201 1919/1198 983/1202
f 983/1202 1919/1198 1917/1196
f 1048/1203 1923/1204 985/1205
f 985/1205 1923/1204 1921/1200
f 1024/1206 1923/1204 930/1207
f 930/1207 1923/1204 1925/1208
f 1055/1209 1924/1210 912/1211
f 912/1211 1924/1210 1925/1208
f 1025/1212 1924/1210 931/1213
f 931/1213 1924/1210 1922/1214
f 1050/1215 1920/1216 989/1217
f 989/1217 1920/1216 1922/1214
f 1026/1218 1920/1216 929/1219
f 929/1219 1920/1216 1918/1220
f 1056/1221 1916/1222 913/1223
f 913/1223 1916/1222 1918/1220
f 1027/1224 1916/1222 953/1225
f 953/1225 1916/1222 1914/1175
f 1028/1125 955/1226 954/1126
f 954/1126 955/1226 915/1227
f 955/1226 1028/1125 914/1228
f 914/1228 1028/1125 956/1120
f 1029/1110 958/1229 957/1111
f 957/1111 958/1229 917/1230
f 958/1229 1029/1110 916/1231
f 916/1231 1029/1110 959/1113
f 1030/1119 960/1232 956/1120
f 956/1120 960/1232 914/1228
f 960/1232 1030/1119 917/1230
f 917/1230 1030/1119 957/1111
f 1031/1131 962/1233 961/1132
f 961/1132 962/1233 918/1234
f 962/1233 1031/1131 915/1227
f 915/1227 1031/1131 954/1126
f 1032/1165 963/1235 959/1113
f 959/1113 963/1235 916/1231
f 963/1235 1032/1165 919/1236
f 919/1236 1032/1165 964/1162
f 965/1134 1033/1133 920/1237
f 920/1237 1033/1133 966/1238
f 1033/1133 961/1132 966/1238
f 966/1238 961/1132 918/1234
f 964/1162 1034/1161 919/1236
f 919/1236 1034/1161 967/1239
f 1034/1161 968/1156 967/1239
f 967/1239 968/1156 921/1240
f 969/1144 1035/1143 922/1241
f 922/1241 1035/1143 970/1242
f 1035/1143 965/1134 970/1242
f 970/1242 965/1134 920/1237
f 968/1156 1036/1155 921/1240
f 921/1240 1036/1155 971/1243
f 1036/1155 972/1150 971/1243
f 971/1243 972/1150 923/1244
f 972/1150 1037/1149 923/1244
f 923/1244 1037/1149 973/1245
f 1037/1149 969/1144 973/1245
f 973/1245 969/1144 922/1241
f 955/1246 1021/1189 915/1247
f 915/1247 1021/1189 925/1188
f 1021/1189 955/1246 924/1170
f 924/1170 955/1246 914/1248
f 958/1249 1020/1184 917/1250
f 917/1250 1020/1184 952/1183
f 926/1177 1020/1184 916/1251
f 916/1251 1020/1184 958/1249
f 924/1170 914/1248 1018/1171
f 1018/1171 914/1248 960/1252
f 917/1250 952/1183 960/1252
f 960/1252 952/1183 1018/1171
f 962/1253 1022/1194 918/1254
f 918/1254 1022/1194 927/1195
f 915/1247 925/1188 962/1253
f 962/1253 925/1188 1022/1194
f 916/1251 963/1255 926/1177
f 926/1177 963/1255 1019/1178
f 953/1225 1019/1178 919/1256
f 919/1256 1019/1178 963/1255
f 966/1257 1023/1197 920/1258
f 920/1258 1023/1197 928/1199
f 918/1254 927/1195 966/1257
f 966/1257 927/1195 1023/1197
f 919/1256 967/1259 953/1225
f 953/1225 967/1259 1027/1224
f 929/1219 1027/1224 921/1260
f 921/1260 1027/1224 967/1259
f 970/1261 1024/1206 922/1262
f 922/1262 1024/1206 930/1207
f 920/1258 928/1199 970/1261
f 970/1261 928/1199 1024/1206
f 921/1260 971/1263 929/1219
f 929/1219 971/1263 1026/1218
f 931/1213 1026/1218 923/1264
f 923/1264 1026/1218 971/1263
f 931/1213 923/1264 1025/1212
f 1025/1212 923/1264 973/1265
f 922/1262 930/1207 973/1265
f 973/1265 930/1207 1025/1212
f 1047/1201 997/1266 985/1205
f 985/1205 997/1266 933/1267
f 1047/1201 983/1202 997/1266
f 997/1266 983/1202 932/1268
f 1048/1203 984/1269 912/1211
f 912/1211 984/1269 934/1270
f 984/1269 1048/1203 933/1267
f 933/1267 1048/1203 985/1205
f 909/1187 1049/1167 936/1271
f 936/1271 1049/1167 986/1272
f 1049/1167 987/1166 986/1272
f 986/1272 987/1166 935/1273
f 1050/1215 988/1274 913/1223
f 913/1223 988/1274 938/1275
f 988/1274 1050/1215 937/1276
f 937/1276 1050/1215 989/1217
f 910/1180 1051/1174 940/1277
f 940/1277 1051/1174 990/1278
f 990/1278 1051/1174 939/1279
f 939/1279 1051/1174 991/1173
f 987/1166 1052/1181 935/1273
f 935/1273 1052/1181 992/1280
f 1052/1181 910/1180 992/1280
f 992/1280 910/1180 940/1277
f 911/1191 1053/1185 941/1281
f 941/1281 1053/1185 993/1282
f 1053/1185 909/1187 993/1282
f 993/1282 909/1187 936/1271
f 983/1202 1054/1192 932/1268
f 932/1268 1054/1192 994/1283
f 1054/1192 911/1191 994/1283
f 994/1283 911/1191 941/1281
f 1055/1209 995/1284 989/1217
f 989/1217 995/1284 937/1276
f 995/1284 1055/1209 934/1270
f 934/1270 1055/1209 912/1211
f 1056/1221 996/1285 991/1173
f 991/1173 996/1285 939/1279
f 996/1285 1056/1221 938/1275
f 938/1275 1056/1221 913/1223
f 1057/1286 998/1287 997/1266
f 997/1266 998/1287 933/1267
f 999/1288 1057/1286 932/1268
f 932/1268 1057/1286 997/1266
f 984/1269 1058/1289 934/1270
f 934/1270 1058/1289 1000/1290
f 1058/1289 984/1269 998/1287
f 998/1287 984/1269 933/1267
f 1059/1291 1001/1292 986/1272
f 986/1272 1001/1292 936/1271
f 1002/1293 1059/1291 935/1273
f 935/1273 1059/1291 986/1272
f 988/1274 1060/1294 938/1275
f 938/1275 1060/1294 1003/1295
f 1060/1294 988/1274 1004/1296
f 1004/1296 988/1274 937/1276
f 990/1278 1061/1297 940/1277
f 940/1277 1061/1297 1005/1298
f 1061/1297 990/1278 1006/1299
f 1006/1299 990/1278 939/1279
f 1062/1300 1002/1293 992/1280
f 992/1280 1002/1293 935/1273
f 1005/1298 1062/1300 940/1277
f 940/1277 1062/1300 992/1280
f 1063/1301 1007/1302 993/1282
f 993/1282 1007/1302 941/1281
f 1001/1292 1063/1301 936/1271
f 936/1271 1063/1301 993/1282
f 1064/1303 999/1288 994/1283
f 994/1283 999/1288 932/1268
f 1007/1302 1064/1303 941/1281
f 941/1281 1064/1303 994/1283
f 995/1284 1065/1304 937/1276
f 937/1276 1065/1304 1004/1296
f 1065/1304 995/1284 1000/1290
f 1000/1290 995/1284 934/1270
f 996/1285 1066/1305 939/1279
f 939/1279 1066/1305 1006/1299
f 1066/1305 996/1285 1003/1295
f 1003/1295 996/1285 938/1275
f 1038/1158 975/1157 974/1151
f 974/1151 975/1157 982/1114
f 975/1157 1046/1164 982/1114
f 981/1107 1044/1118 976/1145
f 976/1145 1044/1118 1040/1146
f 1045/1109 981/1107 1039/1152
f 1039/1152 981/1107 976/1145
f 1044/1118 980/1116 1040/1146
f 1040/1146 980/1116 977/1139
f 1042/1128 978/1127 979/1122
f 1067/1138 979/1122 1068/1137
f 979/1122 978/1127 1068/1137
f 1043/1124 1041/1140 980/1116
f 980/1116 1041/1140 977/1139
f 1068/1137 978/1127 1012/1135
f 1012/1135 978/1127 946/1129
f 979/1122 1067/1138 1043/1124
f 1043/1124 1067/1138 1041/1140
f 998/1287 1057/1286 904/1306
f 904/1306 1057/1286 905/1307
f 1057/1286 999/1288 905/1307
f 905/1307 999/1288 1314/1089
f 1058/1289 903/1308 1000/1290
f 1000/1290 903/1308 902/1309
f 1059/1291 864/1057 1001/1292
f 1001/1292 864/1057 865/1058
f 1059/1291 1002/1293 864/1057
f 864/1057 1002/1293 854/1047
f 1060/1294 888/1081 1003/1295
f 1003/1295 888/1081 881/1074
f 1004/1296 895/1088 1060/1294
f 1060/1294 895/1088 888/1081
f 1005/1298 1061/1297 852/1045
f 852/1045 1061/1297 863/1056
f 1061/1297 1006/1299 863/1056
f 863/1056 1006/1299 871/1064
f 1062/1300 853/1046 1002/1293
f 1002/1293 853/1046 854/1047
f 1062/1300 1005/1298 853/1046
f 853/1046 1005/1298 852/1045
f 1007/1302 1063/1301 882/1075
f 882/1075 1063/1301 875/1069
f 1063/1301 1001/1292 875/1069
f 875/1069 1001/1292 865/1058
f 1064/1303 1007/1302 889/1083
f 889/1083 1007/1302 882/1075
f 1004/1296 1065/1304 895/1088
f 895/1088 1065/1304 901/1100
f 1000/1290 902/1309 1065/1304
f 1065/1304 902/1309 901/1100
f 1006/1299 1066/1305 871/1064
f 871/1064 1066/1305 874/1067
f 1066/1305 1003/1295 874/1067
f 874/1067 1003/1295 881/1074
f 998/1287 904/1306 1058/1289
f 1058/1289 904/1306 903/1308
f 871/1064 862/1055 863/1056
f 863/1056 851/1044 852/1045
f 1064/1303 889/1083 999/1288
f 999/1288 889/1083 1314/1089
f 1117/1310 1238/1311 1118/1312
f 1238/1311 1153/1313 1152/1314
f 1152/1314 1153/1313 1118/1312
f 1154/1315 1239/1316 1071/1317
f 1071/1317 1239/1316 1093/1318
f 1239/1316 1154/1315 1309/1319
f 1309/1319 1154/1315 1310/1320
f 1240/1321 1311/1322 1154/1315
f 1154/1315 1311/1322 1310/1320
f 1111/1323 1288/1324 1094/1325
f 1094/1325 1288/1324 1240/1321
f 1240/1321 1154/1315 1094/1325
f 1094/1325 1154/1315 1071/1317
f 1119/1326 1155/1327 1220/1328
f 1220/1328 1155/1327 1298/1329
f 1116/1330 1298/1329 1114/1331
f 1114/1331 1298/1329 1155/1327
f 1113/1332 1151/1333 1121/1334
f 1121/1334 1151/1333 1156/1335
f 1072/1336 1156/1335 1070/1337
f 1070/1337 1156/1335 1151/1333
f 1155/1327 1241/1338 1114/1331
f 1114/1331 1241/1338 1157/1339
f 1241/1338 1278/1340 1157/1339
f 1157/1339 1278/1340 1115/1341
f 1278/1340 1241/1338 1223/1342
f 1223/1342 1241/1338 1158/1343
f 1241/1338 1155/1327 1158/1343
f 1158/1343 1155/1327 1119/1326
f 1122/1344 1159/1345 1219/1346
f 1219/1346 1159/1345 1275/1347
f 1220/1328 1275/1347 1119/1326
f 1119/1326 1275/1347 1159/1345
f 1160/1348 1242/1349 1124/1350
f 1124/1350 1242/1349 1161/1351
f 1242/1349 1246/1352 1161/1351
f 1161/1351 1246/1352 1125/1353
f 1246/1352 1242/1349 1162/1354
f 1162/1354 1242/1349 1123/1355
f 1123/1355 1242/1349 1160/1348
f 1163/1356 1243/1357 1121/1334
f 1121/1334 1243/1357 1120/1358
f 1243/1357 1163/1356 1221/1359
f 1221/1359 1163/1356 1126/1360
f 1163/1356 1244/1361 1126/1360
f 1126/1360 1244/1361 1164/1362
f 1244/1361 1095/1363 1164/1362
f 1164/1362 1095/1363 1073/1364
f 1095/1363 1244/1361 1072/1336
f 1072/1336 1244/1361 1156/1335
f 1244/1361 1163/1356 1156/1335
f 1156/1335 1163/1356 1121/1334
f 1279/1365 1245/1366 1224/1367
f 1224/1367 1245/1366 1165/1368
f 1165/1368 1245/1366 1122/1344
f 1122/1344 1245/1366 1159/1345
f 1245/1366 1158/1343 1159/1345
f 1159/1345 1158/1343 1119/1326
f 1245/1366 1279/1365 1158/1343
f 1158/1343 1279/1365 1223/1342
f 1125/1353 1246/1352 1127/1369
f 1127/1369 1246/1352 1166/1370
f 1166/1370 1246/1352 1167/1371
f 1130/1372 1168/1373 1209/1374
f 1209/1374 1168/1373 1129/1375
f 1168/1373 1130/1372 1210/1376
f 1210/1376 1130/1372 1297/1377
f 1169/1378 1247/1379 1074/1380
f 1074/1380 1247/1379 1096/1381
f 1096/1381 1247/1379 1075/1382
f 1075/1382 1247/1379 1267/1383
f 1247/1379 1168/1373 1267/1383
f 1267/1383 1168/1373 1210/1376
f 1247/1379 1169/1378 1168/1373
f 1168/1373 1169/1378 1129/1375
f 1229/1384 1248/1385 1132/1386
f 1132/1386 1248/1385 1171/1387
f 1248/1385 1170/1388 1171/1387
f 1171/1387 1170/1388 1131/1389
f 1249/1390 1173/1391 1172/1392
f 1172/1392 1173/1391 1133/1393
f 1249/1390 1238/1311 1173/1391
f 1173/1391 1238/1311 1117/1310
f 1302/1394 1175/1395 1172/1392
f 1172/1392 1175/1395 1249/1390
f 1249/1390 1174/1396 1238/1311
f 1238/1311 1174/1396 1153/1313
f 1174/1396 1249/1390 1134/1397
f 1134/1397 1249/1390 1175/1395
f 1176/1398 1250/1399 1307/1400
f 1307/1400 1250/1399 1308/1401
f 1250/1399 1239/1316 1308/1401
f 1308/1401 1239/1316 1309/1319
f 1239/1316 1250/1399 1093/1318
f 1093/1318 1250/1399 1097/1402
f 1250/1399 1176/1398 1097/1402
f 1097/1402 1176/1398 1076/1403
f 1219/1346 1274/1404 1122/1344
f 1122/1344 1274/1404 1177/1405
f 1136/1406 1177/1405 1135/1407
f 1135/1407 1177/1405 1274/1404
f 1178/1408 1251/1409 1137/1410
f 1137/1410 1251/1409 1179/1411
f 1251/1409 1180/1412 1179/1411
f 1179/1411 1180/1412 1138/1413
f 1180/1412 1251/1409 1133/1393
f 1133/1393 1251/1409 1172/1392
f 1252/1414 1178/1408 1181/1415
f 1181/1415 1178/1408 1137/1410
f 1175/1395 1302/1394 1236/1416
f 1182/1417 1236/1416 1302/1394
f 1182/1417 1252/1414 1127/1369
f 1127/1369 1252/1414 1183/1418
f 1252/1414 1181/1415 1183/1418
f 1183/1418 1181/1415 1139/1419
f 1253/1420 1180/1412 1184/1421
f 1184/1421 1180/1412 1133/1393
f 1180/1412 1253/1420 1138/1413
f 1138/1413 1253/1420 1185/1422
f 1253/1420 1287/1423 1185/1422
f 1185/1422 1287/1423 1233/1424
f 1287/1423 1253/1420 1234/1425
f 1234/1425 1253/1420 1184/1421
f 1218/1426 1273/1427 1140/1428
f 1140/1428 1273/1427 1186/1429
f 1141/1430 1186/1429 1217/1431
f 1217/1431 1186/1429 1273/1427
f 1187/1432 1254/1433 1143/1434
f 1143/1434 1254/1433 1188/1435
f 1254/1433 1189/1436 1188/1435
f 1188/1435 1189/1436 1145/1437
f 1189/1436 1254/1433 1144/1438
f 1144/1438 1254/1433 1190/1439
f 1254/1433 1187/1432 1190/1439
f 1190/1439 1187/1432 1142/1440
f 1191/1441 1255/1442 1146/1443
f 1146/1443 1255/1442 1192/1444
f 1255/1442 1193/1445 1192/1444
f 1192/1444 1193/1445 1131/1389
f 1255/1442 1187/1432 1193/1445
f 1193/1445 1187/1432 1143/1434
f 1187/1432 1255/1442 1142/1440
f 1142/1440 1255/1442 1191/1441
f 1194/1446 1256/1447 1226/1448
f 1226/1448 1256/1447 1282/1449
f 1256/1447 1195/1450 1282/1449
f 1282/1449 1195/1450 1227/1451
f 1195/1450 1256/1447 1141/1430
f 1141/1430 1256/1447 1186/1429
f 1256/1447 1194/1446 1186/1429
f 1186/1429 1194/1446 1140/1428
f 1257/1452 1189/1436 1196/1453
f 1196/1453 1189/1436 1144/1438
f 1189/1436 1257/1452 1145/1437
f 1145/1437 1257/1452 1197/1454
f 1257/1452 1285/1455 1197/1454
f 1197/1454 1285/1455 1231/1456
f 1285/1455 1257/1452 1232/1457
f 1232/1457 1257/1452 1196/1453
f 1217/1431 1272/1458 1141/1430
f 1141/1430 1272/1458 1195/1450
f 1228/1459 1227/1451 1272/1458
f 1272/1458 1227/1451 1195/1450
f 1258/1460 1284/1461 1198/1462
f 1198/1462 1284/1461 1230/1463
f 1284/1461 1258/1460 1231/1456
f 1231/1456 1258/1460 1197/1454
f 1197/1454 1258/1460 1145/1437
f 1145/1437 1258/1460 1188/1435
f 1258/1460 1198/1462 1188/1435
f 1188/1435 1198/1462 1143/1434
f 1199/1464 1259/1465 1126/1360
f 1126/1360 1259/1465 1221/1359
f 1259/1465 1199/1464 1222/1466
f 1222/1466 1199/1464 1147/1467
f 1260/1468 1200/1469 1201/1470
f 1201/1470 1200/1469 1148/1471
f 1175/1395 1261/1472 1134/1397
f 1134/1397 1261/1472 1202/1473
f 1305/1474 1306/1475 1303/1476
f 1303/1476 1306/1475 1202/1473
f 1199/1464 1262/1477 1147/1467
f 1147/1467 1262/1477 1204/1478
f 1262/1477 1098/1479 1204/1478
f 1204/1478 1098/1479 1077/1480
f 1098/1479 1262/1477 1073/1364
f 1073/1364 1262/1477 1164/1362
f 1262/1477 1199/1464 1164/1362
f 1164/1362 1199/1464 1126/1360
f 1263/1481 1176/1398 1306/1475
f 1306/1475 1176/1398 1307/1400
f 1176/1398 1263/1481 1076/1403
f 1076/1403 1263/1481 1099/1482
f 1263/1481 1205/1483 1099/1482
f 1099/1482 1205/1483 1078/1484
f 1205/1483 1263/1481 1305/1474
f 1305/1474 1263/1481 1306/1475
f 1149/1485 1277/1486 1147/1467
f 1147/1467 1277/1486 1222/1466
f 1200/1469 1207/1487 1148/1471
f 1148/1471 1207/1487 1206/1488
f 1304/1489 1305/1474 1266/1490
f 1266/1490 1305/1474 1303/1476
f 1079/1491 1264/1492 1077/1480
f 1077/1480 1264/1492 1204/1478
f 1264/1492 1149/1485 1204/1478
f 1204/1478 1149/1485 1147/1467
f 1205/1483 1265/1493 1078/1484
f 1078/1484 1265/1493 1100/1494
f 1265/1493 1205/1483 1304/1489
f 1304/1489 1205/1483 1305/1474
f 1207/1487 1130/1372 1206/1488
f 1206/1488 1130/1372 1209/1374
f 1075/1382 1267/1383 1079/1491
f 1079/1491 1267/1383 1264/1492
f 1267/1383 1210/1376 1264/1492
f 1264/1492 1210/1376 1149/1485
f 1268/1495 1211/1496 1280/1497
f 1280/1497 1211/1496 1225/1498
f 1211/1496 1268/1495 1136/1406
f 1136/1406 1268/1495 1177/1405
f 1268/1495 1165/1368 1177/1405
f 1177/1405 1165/1368 1122/1344
f 1165/1368 1268/1495 1224/1367
f 1224/1367 1268/1495 1280/1497
f 1286/1499 1269/1500 1233/1424
f 1233/1424 1269/1500 1185/1422
f 1269/1500 1212/1501 1185/1422
f 1185/1422 1212/1501 1138/1413
f 1212/1501 1269/1500 1144/1438
f 1144/1438 1269/1500 1196/1453
f 1269/1500 1286/1499 1196/1453
f 1196/1453 1286/1499 1232/1457
f 1150/1502 1270/1503 1146/1443
f 1146/1443 1270/1503 1213/1504
f 1270/1503 1214/1505 1213/1504
f 1213/1504 1214/1505 1139/1419
f 1135/1407 1301/1506 1136/1406
f 1136/1406 1301/1506 1215/1507
f 1140/1428 1215/1507 1218/1426
f 1218/1426 1215/1507 1301/1506
f 1216/1508 1271/1509 1142/1440
f 1142/1440 1271/1509 1190/1439
f 1271/1509 1212/1501 1190/1439
f 1190/1439 1212/1501 1144/1438
f 1212/1501 1271/1509 1138/1413
f 1138/1413 1271/1509 1179/1411
f 1271/1509 1216/1508 1179/1411
f 1179/1411 1216/1508 1137/1410
f 1228/1459 1272/1458 1229/1384
f 1229/1384 1272/1458 1248/1385
f 1272/1458 1217/1431 1248/1385
f 1248/1385 1217/1431 1170/1388
f 1217/1431 1273/1427 1170/1388
f 1170/1388 1273/1427 1294/1510
f 1273/1427 1218/1426 1294/1510
f 1294/1510 1218/1426 1150/1502
f 1135/1407 1274/1404 1214/1505
f 1214/1505 1274/1404 1291/1511
f 1274/1404 1219/1346 1291/1511
f 1291/1511 1219/1346 1125/1353
f 1219/1346 1275/1347 1125/1353
f 1125/1353 1275/1347 1161/1351
f 1275/1347 1220/1328 1161/1351
f 1161/1351 1220/1328 1124/1350
f 1276/1512 1160/1348 1116/1330
f 1116/1330 1160/1348 1124/1350
f 1331/1513 1162/1354 1123/1355
f 1260/1468 1259/1465 1200/1469
f 1200/1469 1259/1465 1222/1466
f 1277/1486 1207/1487 1222/1466
f 1222/1466 1207/1487 1200/1469
f 1297/1377 1130/1372 1277/1486
f 1277/1486 1130/1372 1207/1487
f 1115/1341 1278/1340 1069/1514
f 1069/1514 1278/1340 1101/1515
f 1101/1515 1278/1340 1080/1516
f 1080/1516 1278/1340 1223/1342
f 1279/1365 1102/1517 1223/1342
f 1223/1342 1102/1517 1080/1516
f 1102/1517 1279/1365 1081/1518
f 1081/1518 1279/1365 1224/1367
f 1280/1497 1103/1519 1224/1367
f 1224/1367 1103/1519 1081/1518
f 1280/1497 1225/1498 1103/1519
f 1103/1519 1225/1498 1082/1520
f 1225/1498 1281/1521 1082/1520
f 1082/1520 1281/1521 1104/1522
f 1281/1521 1226/1448 1104/1522
f 1104/1522 1226/1448 1083/1523
f 1226/1448 1282/1449 1083/1523
f 1083/1523 1282/1449 1105/1524
f 1282/1449 1227/1451 1105/1524
f 1105/1524 1227/1451 1084/1525
f 1227/1451 1228/1459 1084/1525
f 1084/1525 1228/1459 1085/1526
f 1228/1459 1229/1384 1085/1526
f 1085/1526 1229/1384 1086/1527
f 1283/1528 1106/1529 1132/1386
f 1132/1386 1106/1529 1088/1530
f 1106/1529 1283/1528 1087/1531
f 1087/1531 1283/1528 1230/1463
f 1107/1532 1284/1461 1089/1533
f 1089/1533 1284/1461 1231/1456
f 1284/1461 1107/1532 1230/1463
f 1230/1463 1107/1532 1087/1531
f 1285/1455 1108/1534 1231/1456
f 1231/1456 1108/1534 1089/1533
f 1108/1534 1285/1455 1090/1535
f 1090/1535 1285/1455 1232/1457
f 1109/1536 1286/1499 1091/1537
f 1091/1537 1286/1499 1233/1424
f 1286/1499 1109/1536 1232/1457
f 1232/1457 1109/1536 1090/1535
f 1287/1423 1110/1538 1233/1424
f 1233/1424 1110/1538 1091/1537
f 1110/1538 1287/1423 1092/1539
f 1092/1539 1287/1423 1234/1425
f 1288/1324 1111/1323 1234/1425
f 1234/1425 1111/1323 1092/1539
f 1169/1378 1289/1540 1129/1375
f 1129/1375 1289/1540 1235/1541
f 1289/1540 1265/1493 1235/1541
f 1235/1541 1265/1493 1304/1489
f 1265/1493 1289/1540 1100/1494
f 1100/1494 1289/1540 1112/1542
f 1289/1540 1169/1378 1112/1542
f 1112/1542 1169/1378 1074/1380
f 1086/1527 1229/1384 1088/1530
f 1088/1530 1229/1384 1132/1386
f 1290/1543 1236/1416 1201/1470
f 1201/1470 1236/1416 1128/1544
f 1236/1416 1290/1543 1175/1395
f 1175/1395 1290/1543 1261/1472
f 1290/1543 1237/1545 1261/1472
f 1261/1472 1237/1545 1203/1546
f 1237/1545 1290/1543 1148/1471
f 1148/1471 1290/1543 1201/1470
f 1214/1505 1291/1511 1139/1419
f 1139/1419 1291/1511 1183/1418
f 1183/1418 1291/1511 1127/1369
f 1127/1369 1291/1511 1125/1353
f 1292/1547 1237/1545 1206/1488
f 1206/1488 1237/1545 1148/1471
f 1237/1545 1292/1547 1203/1546
f 1203/1546 1292/1547 1208/1548
f 1216/1508 1293/1549 1137/1410
f 1137/1410 1293/1549 1181/1415
f 1181/1415 1293/1549 1139/1419
f 1139/1419 1293/1549 1213/1504
f 1293/1549 1191/1441 1213/1504
f 1213/1504 1191/1441 1146/1443
f 1293/1549 1216/1508 1191/1441
f 1191/1441 1216/1508 1142/1440
f 1295/1550 1292/1547 1209/1374
f 1209/1374 1292/1547 1206/1488
f 1292/1547 1295/1550 1208/1548
f 1208/1548 1295/1550 1266/1490
f 1170/1388 1294/1510 1131/1389
f 1131/1389 1294/1510 1192/1444
f 1294/1510 1150/1502 1192/1444
f 1192/1444 1150/1502 1146/1443
f 1235/1541 1295/1550 1129/1375
f 1129/1375 1295/1550 1209/1374
f 1283/1528 1296/1551 1230/1463
f 1230/1463 1296/1551 1198/1462
f 1296/1551 1193/1445 1198/1462
f 1198/1462 1193/1445 1143/1434
f 1193/1445 1296/1551 1131/1389
f 1131/1389 1296/1551 1171/1387
f 1296/1551 1283/1528 1171/1387
f 1171/1387 1283/1528 1132/1386
f 1210/1376 1297/1377 1149/1485
f 1149/1485 1297/1377 1277/1486
f 1220/1328 1298/1329 1124/1350
f 1124/1350 1298/1329 1116/1330
f 1127/1369 1166/1370 1182/1417
f 1166/1370 1128/1544 1182/1417
f 1236/1416 1182/1417 1128/1544
f 1299/1552 1288/1324 1184/1421
f 1184/1421 1288/1324 1234/1425
f 1288/1324 1299/1552 1240/1321
f 1240/1321 1299/1552 1311/1322
f 1173/1391 1299/1552 1133/1393
f 1133/1393 1299/1552 1184/1421
f 1211/1496 1300/1553 1225/1498
f 1225/1498 1300/1553 1281/1521
f 1300/1553 1194/1446 1281/1521
f 1281/1521 1194/1446 1226/1448
f 1194/1446 1300/1553 1140/1428
f 1140/1428 1300/1553 1215/1507
f 1300/1553 1211/1496 1215/1507
f 1215/1507 1211/1496 1136/1406
f 1218/1426 1301/1506 1150/1502
f 1150/1502 1301/1506 1270/1503
f 1301/1506 1135/1407 1270/1503
f 1270/1503 1135/1407 1214/1505
f 1302/1394 1178/1408 1182/1417
f 1182/1417 1178/1408 1252/1414
f 1251/1409 1178/1408 1172/1392
f 1172/1392 1178/1408 1302/1394
f 1203/1546 1208/1548 1303/1476
f 1303/1476 1208/1548 1266/1490
f 1261/1472 1203/1546 1202/1473
f 1202/1473 1203/1546 1303/1476
f 1266/1490 1295/1550 1304/1489
f 1304/1489 1295/1550 1235/1541
f 1306/1475 1307/1400 1202/1473
f 1202/1473 1307/1400 1134/1397
f 1308/1401 1174/1396 1307/1400
f 1307/1400 1174/1396 1134/1397
f 1174/1396 1308/1401 1153/1313
f 1153/1313 1308/1401 1309/1319
f 1309/1319 1310/1320 1153/1313
f 1153/1313 1310/1320 1118/1312
f 1311/1322 1117/1310 1310/1320
f 1310/1320 1117/1310 1118/1312
f 1299/1552 1173/1391 1311/1322
f 1311/1322 1173/1391 1117/1310
f 1320/1554 1319/1555 1069/1556
f 1069/1556 1319/1555 1115/1557
f 1322/1558 1319/1555 903/1308
f 903/1308 1319/1555 907/1104
f 903/1308 907/1104 902/1309
f 902/1309 907/1104 1312/1102
f 900/1099 901/1100 1312/1102
f 1312/1102 901/1100 902/1309
f 899/1098 900/1099 1313/1101
f 1313/1101 900/1099 1312/1102
f 1323/1559 1324/1560 1114/1561
f 1114/1561 1324/1560 1116/1562
f 1325/1563 1324/1560 1314/1089
f 1314/1089 1324/1560 905/1307
f 1326/1564 1327/1565 1317/1566
f 1317/1566 1327/1565 1318/1567
f 1321/1568 1333/1569 1316/1570
f 1316/1570 1333/1569 898/1094
f 1323/1559 1322/1558 904/1306
f 904/1306 1322/1558 903/1308
f 1326/1564 1325/1563 896/1090
f 896/1090 1325/1563 1314/1089
f 1276/1512 1317/1571 1160/1348
f 1160/1348 1317/1571 1123/1355
f 1121/1334 1120/1358 1113/1332
f 1113/1332 1120/1358 1318/1572
f 1328/1573 1327/1565 1315/1092
f 1315/1092 1327/1565 897/1091
f 1120/1358 1123/1355 1318/1572
f 1318/1572 1123/1355 1317/1571
f 1319/1555 1320/1554 907/1104
f 907/1104 1320/1554 906/1103
f 1333/1569 1321/1568 1151/1574
f 1151/1574 1321/1568 1070/1575
f 1115/1557 1319/1555 1157/1576
f 1157/1576 1319/1555 1322/1558
f 1157/1576 1322/1558 1114/1561
f 1114/1561 1322/1558 1323/1559
f 905/1307 1324/1560 904/1306
f 904/1306 1324/1560 1323/1559
f 1324/1560 1325/1563 1116/1562
f 1116/1562 1325/1563 1276/1577
f 1325/1563 1326/1564 1276/1577
f 1276/1577 1326/1564 1317/1566
f 1327/1565 1326/1564 897/1091
f 897/1091 1326/1564 896/1090
f 1327/1565 1328/1573 1318/1567
f 1318/1567 1328/1573 1113/1578
f 1328/1573 1333/1569 1113/1578
f 1113/1578 1333/1569 1151/1574
f 1329/1579 1260/1468 1128/1544
f 1128/1544 1260/1468 1201/1470
f 1259/1465 1260/1468 1221/1359
f 1221/1359 1260/1468 1329/1579
f 1243/1357 1221/1359 1330/1580
f 1330/1580 1221/1359 1329/1579
f 1329/1579 1128/1544 1167/1371
f 1167/1371 1128/1544 1166/1370
f 1330/1580 1329/1579 1331/1513
f 1331/1513 1329/1579 1167/1371
f 1330/1580 1331/1513 1120/1358
f 1120/1358 1331/1513 1123/1355
f 1120/1358 1243/1357 1330/1580
f 1331/1513 1167/1371 1162/1354
f 1162/1354 1167/1371 1246/1352
f 1315/1092 898/1094 1328/1573
f 1328/1573 898/1094 1333/1569
f 722/908 1334/925 721/906
f 721/906 1334/925 735/924
f 1334/925 1335/939 735/924
f 735/924 1335/939 748/938
f 1335/939 1336/953 748/938
f 748/938 1336/953 761/952
f 1336/953 1337/967 761/952
f 761/952 1337/967 774/966
f 774/966 1337/967 787/980
f 787/980 1337/967 3/402
f 3/402 87/405 787/980
f 787/980 87/405 799/992
f 885/1078 321/1097 892/1085
f 892/1085 321/1097 1338/1093
f 710/886 1350/1581 697/885
f 697/885 1350/1581 1339/1582
f 1350/1581 1351/1583 1339/1582
f 1339/1582 1351/1583 1340/1584
f 1351/1583 1352/1585 1340/1584
f 1340/1584 1352/1585 1341/1586
f 1352/1585 1353/1587 1341/1586
f 1341/1586 1353/1587 1342/1588
f 1353/1587 1354/1589 1342/1588
f 1342/1588 1354/1589 1343/1590
f 1354/1589 1355/1591 1343/1590
f 1343/1590 1355/1591 1344/1592
f 1355/1591 1356/1593 1344/1592
f 1344/1592 1356/1593 1345/1594
f 1356/1593 1357/1595 1345/1594
f 1345/1594 1357/1595 1346/1596
f 1346/1596 1357/1595 1347/1597
f 1347/1597 1357/1595 1358/1598
f 1347/1597 1358/1598 1348/1599
f 1348/1599 1358/1598 1359/1600
f 1359/1600 1360/1601 1348/1599
f 1348/1599 1360/1601 1349/1602
f 1360/1601 1361/1603 1349/1602
f 1349/1602 1361/1603 1898/1604
f 1361/1603 1973/1605 1898/1604
f 1898/1604 1973/1605 1974/1606
f 724/914 1362/1607 710/886
f 710/886 1362/1607 1350/1581
f 1362/1607 1363/1608 1350/1581
f 1350/1581 1363/1608 1351/1583
f 1363/1608 1364/1609 1351/1583
f 1351/1583 1364/1609 1352/1585
f 1364/1609 1365/1610 1352/1585
f 1352/1585 1365/1610 1353/1587
f 1365/1610 1366/1611 1353/1587
f 1353/1587 1366/1611 1354/1589
f 1366/1611 1367/1612 1354/1589
f 1354/1589 1367/1612 1355/1591
f 1367/1612 1368/1613 1355/1591
f 1355/1591 1368/1613 1356/1593
f 1368/1613 1369/1614 1356/1593
f 1356/1593 1369/1614 1357/1595
f 1357/1595 1369/1614 1358/1598
f 1358/1598 1369/1614 1370/1615
f 1358/1598 1370/1615 1359/1600
f 1359/1600 1370/1615 1371/1616
f 1371/1616 1372/1617 1359/1600
f 1359/1600 1372/1617 1360/1601
f 1900/1618 1976/1619 1361/1603
f 1361/1603 1976/1619 1973/1605
f 737/928 1373/1620 724/914
f 724/914 1373/1620 1362/1607
f 1373/1620 1374/1621 1362/1607
f 1362/1607 1374/1621 1363/1608
f 1374/1621 1375/1622 1363/1608
f 1363/1608 1375/1622 1364/1609
f 1375/1622 1376/1623 1364/1609
f 1364/1609 1376/1623 1365/1610
f 1376/1623 1377/1624 1365/1610
f 1365/1610 1377/1624 1366/1611
f 1377/1624 1378/1625 1366/1611
f 1366/1611 1378/1625 1367/1612
f 1378/1625 1379/1626 1367/1612
f 1367/1612 1379/1626 1368/1613
f 1379/1626 1380/1627 1368/1613
f 1368/1613 1380/1627 1369/1614
f 1369/1614 1380/1627 1370/1615
f 1370/1615 1380/1627 1381/1628
f 1370/1615 1381/1628 1371/1616
f 1371/1616 1381/1628 1382/1629
f 1371/1616 1382/1629 1372/1617
f 1372/1617 1382/1629 1383/1630
f 1901/1631 1977/1632 1900/1618
f 1900/1618 1977/1632 1976/1619
f 737/928 750/941 1373/1620
f 1373/1620 750/941 1384/1633
f 1384/1633 1385/1634 1373/1620
f 1373/1620 1385/1634 1374/1621
f 1385/1634 1386/1635 1374/1621
f 1374/1621 1386/1635 1375/1622
f 1386/1635 1387/1636 1375/1622
f 1375/1622 1387/1636 1376/1623
f 1387/1636 1388/1637 1376/1623
f 1376/1623 1388/1637 1377/1624
f 1388/1637 1389/1638 1377/1624
f 1377/1624 1389/1638 1378/1625
f 1389/1638 1390/1639 1378/1625
f 1378/1625 1390/1639 1379/1626
f 1390/1639 1391/1640 1379/1626
f 1379/1626 1391/1640 1380/1627
f 1380/1627 1391/1640 1381/1628
f 1381/1628 1391/1640 1392/1641
f 1392/1641 1393/1642 1381/1628
f 1381/1628 1393/1642 1382/1629
f 1382/1629 1393/1642 1383/1630
f 1383/1630 1393/1642 1394/1643
f 1902/1644 1978/1645 1901/1631
f 1901/1631 1978/1645 1977/1632
f 750/941 763/955 1384/1633
f 1384/1633 763/955 1395/1646
f 1395/1646 1396/1647 1384/1633
f 1384/1633 1396/1647 1385/1634
f 1396/1647 1397/1648 1385/1634
f 1385/1634 1397/1648 1386/1635
f 1397/1648 1398/1649 1386/1635
f 1386/1635 1398/1649 1387/1636
f 1398/1649 1399/1650 1387/1636
f 1387/1636 1399/1650 1388/1637
f 1399/1650 1400/1651 1388/1637
f 1388/1637 1400/1651 1389/1638
f 1400/1651 1401/1652 1389/1638
f 1389/1638 1401/1652 1390/1639
f 1401/1652 1402/1653 1390/1639
f 1390/1639 1402/1653 1391/1640
f 1391/1640 1402/1653 1392/1641
f 1392/1641 1402/1653 1403/1654
f 1403/1654 1404/1655 1392/1641
f 1392/1641 1404/1655 1393/1642
f 1404/1655 1405/1656 1393/1642
f 1393/1642 1405/1656 1394/1643
f 1903/1657 1975/1658 1902/1644
f 1902/1644 1975/1658 1978/1645
f 763/955 776/969 1395/1646
f 1395/1646 776/969 1406/1659
f 1406/1659 1407/1660 1395/1646
f 1395/1646 1407/1660 1396/1647
f 1407/1660 1408/1661 1396/1647
f 1396/1647 1408/1661 1397/1648
f 1408/1661 1409/1662 1397/1648
f 1397/1648 1409/1662 1398/1649
f 1409/1662 1410/1663 1398/1649
f 1398/1649 1410/1663 1399/1650
f 1410/1663 1411/1664 1399/1650
f 1399/1650 1411/1664 1400/1651
f 1411/1664 1412/1665 1400/1651
f 1400/1651 1412/1665 1401/1652
f 1412/1665 1413/1666 1401/1652
f 1401/1652 1413/1666 1402/1653
f 1402/1653 1413/1666 1403/1654
f 1403/1654 1413/1666 1414/1667
f 1414/1667 1415/1668 1403/1654
f 1403/1654 1415/1668 1404/1655
f 1415/1668 1416/1669 1404/1655
f 1404/1655 1416/1669 1405/1656
f 2045/1670 1975/1658 2044/479
f 2044/479 1975/1658 435/480
f 776/969 788/981 1406/1659
f 1406/1659 788/981 1417/1671
f 1417/1671 1418/1672 1406/1659
f 1406/1659 1418/1672 1407/1660
f 1418/1672 1419/1673 1407/1660
f 1407/1660 1419/1673 1408/1661
f 1419/1673 1420/1674 1408/1661
f 1408/1661 1420/1674 1409/1662
f 1420/1674 1421/1675 1409/1662
f 1409/1662 1421/1675 1410/1663
f 1421/1675 1422/1676 1410/1663
f 1410/1663 1422/1676 1411/1664
f 1422/1676 1423/1677 1411/1664
f 1411/1664 1423/1677 1412/1665
f 1423/1677 1424/1678 1412/1665
f 1412/1665 1424/1678 1413/1666
f 1413/1666 1424/1678 1414/1667
f 1414/1667 1424/1678 1425/1679
f 1414/1667 1425/1679 1415/1668
f 1415/1668 1425/1679 1426/1680
f 1426/1680 1427/1681 1415/1668
f 1415/1668 1427/1681 1416/1669
f 788/981 800/993 1417/1671
f 1417/1671 800/993 1428/1682
f 1428/1682 1429/1683 1417/1671
f 1417/1671 1429/1683 1418/1672
f 1429/1683 1430/1684 1418/1672
f 1418/1672 1430/1684 1419/1673
f 1430/1684 1431/1685 1419/1673
f 1419/1673 1431/1685 1420/1674
f 1431/1685 1432/1686 1420/1674
f 1420/1674 1432/1686 1421/1675
f 1432/1686 1433/1687 1421/1675
f 1421/1675 1433/1687 1422/1676
f 1433/1687 1434/1688 1422/1676
f 1422/1676 1434/1688 1423/1677
f 1434/1688 1435/1689 1423/1677
f 1423/1677 1435/1689 1424/1678
f 1424/1678 1435/1689 1425/1679
f 1425/1679 1435/1689 1436/1690
f 1436/1690 1437/1691 1425/1679
f 1425/1679 1437/1691 1426/1680
f 1437/1691 1438/1692 1426/1680
f 1426/1680 1438/1692 1427/1681
f 800/993 812/1005 1428/1682
f 1428/1682 812/1005 1439/1693
f 1439/1693 1440/1694 1428/1682
f 1428/1682 1440/1694 1429/1683
f 1440/1694 1441/1695 1429/1683
f 1429/1683 1441/1695 1430/1684
f 1441/1695 1442/1696 1430/1684
f 1430/1684 1442/1696 1431/1685
f 1442/1696 1443/1697 1431/1685
f 1431/1685 1443/1697 1432/1686
f 1443/1697 1444/1698 1432/1686
f 1432/1686 1444/1698 1433/1687
f 1444/1698 1445/1699 1433/1687
f 1433/1687 1445/1699 1434/1688
f 1445/1699 1446/1700 1434/1688
f 1434/1688 1446/1700 1435/1689
f 1435/1689 1446/1700 1436/1690
f 1436/1690 1446/1700 1447/1701
f 1447/1701 1448/1702 1436/1690
f 1436/1690 1448/1702 1437/1691
f 1448/1702 1449/1703 1437/1691
f 1437/1691 1449/1703 1438/1692
f 812/1005 824/1017 1439/1693
f 1439/1693 824/1017 1450/1704
f 1450/1704 1451/1705 1439/1693
f 1439/1693 1451/1705 1440/1694
f 1451/1705 1452/1706 1440/1694
f 1440/1694 1452/1706 1441/1695
f 1452/1706 1453/1707 1441/1695
f 1441/1695 1453/1707 1442/1696
f 1453/1707 1454/1708 1442/1696
f 1442/1696 1454/1708 1443/1697
f 1454/1708 1455/1709 1443/1697
f 1443/1697 1455/1709 1444/1698
f 1455/1709 1456/1710 1444/1698
f 1444/1698 1456/1710 1445/1699
f 1456/1710 1457/1711 1445/1699
f 1445/1699 1457/1711 1446/1700
f 1446/1700 1457/1711 1447/1701
f 1447/1701 1457/1711 1458/1712
f 1447/1701 1458/1712 1448/1702
f 1448/1702 1458/1712 1459/1713
f 1448/1702 1459/1713 1449/1703
f 1449/1703 1459/1713 1460/1714
f 824/1017 847/1029 1450/1704
f 1450/1704 847/1029 1461/1715
f 1461/1715 1462/1716 1450/1704
f 1450/1704 1462/1716 1451/1705
f 1462/1716 1463/1717 1451/1705
f 1451/1705 1463/1717 1452/1706
f 1463/1717 1464/1718 1452/1706
f 1452/1706 1464/1718 1453/1707
f 1464/1718 1465/1719 1453/1707
f 1453/1707 1465/1719 1454/1708
f 1465/1719 1466/1720 1454/1708
f 1454/1708 1466/1720 1455/1709
f 1466/1720 1467/1721 1455/1709
f 1455/1709 1467/1721 1456/1710
f 1456/1710 1467/1721 1457/1711
f 1457/1711 1467/1721 1468/1722
f 1457/1711 1468/1722 1458/1712
f 1458/1712 1468/1722 1469/1723
f 1458/1712 1469/1723 1459/1713
f 1459/1713 1469/1723 1470/1724
f 1459/1713 1470/1724 1460/1714
f 1460/1714 1470/1724 1471/1725
f 847/1029 848/1041 1461/1715
f 1461/1715 848/1041 1472/1726
f 1461/1715 1472/1726 1462/1716
f 1462/1716 1472/1726 1473/1727
f 1462/1716 1473/1727 1463/1717
f 1463/1717 1473/1727 1474/1728
f 1463/1717 1474/1728 1464/1718
f 1464/1718 1474/1728 1475/1729
f 1475/1729 1476/1730 1464/1718
f 1464/1718 1476/1730 1465/1719
f 1476/1730 1477/1731 1465/1719
f 1465/1719 1477/1731 1466/1720
f 1477/1731 1478/1732 1466/1720
f 1466/1720 1478/1732 1467/1721
f 1467/1721 1478/1732 1468/1722
f 1468/1722 1478/1732 1479/1733
f 1468/1722 1479/1733 1469/1723
f 1469/1723 1479/1733 1480/1734
f 1469/1723 1480/1734 1470/1724
f 1470/1724 1480/1734 1481/1735
f 1470/1724 1481/1735 1471/1725
f 1471/1725 1481/1735 1482/1736
f 848/1041 860/1053 1472/1726
f 1472/1726 860/1053 1483/1737
f 1472/1726 1483/1737 1473/1727
f 1473/1727 1483/1737 1484/1738
f 1473/1727 1484/1738 1474/1728
f 1474/1728 1484/1738 1485/1739
f 1477/1731 1486/1740 1478/1732
f 1486/1740 1489/1741 1478/1732
f 1478/1732 1489/1741 1479/1733
f 1489/1741 1490/1742 1479/1733
f 1479/1733 1490/1742 1480/1734
f 1490/1742 1491/1743 1480/1734
f 1480/1734 1491/1743 1481/1735
f 1481/1735 1491/1743 1482/1736
f 1482/1736 1491/1743 1492/1744
f 860/1053 869/1062 1483/1737
f 1483/1737 869/1062 1487/1745
f 1483/1737 1487/1745 1484/1738
f 1484/1738 1487/1745 1488/1746
f 869/1062 872/1065 1487/1745
f 1487/1745 872/1065 1493/1747
f 1493/1747 1494/1748 1487/1745
f 1487/1745 1494/1748 1488/1746
f 1496/1749 1490/1742 1495/1750
f 1495/1750 1490/1742 1489/1741
f 1496/1749 1497/1751 1490/1742
f 1490/1742 1497/1751 1491/1743
f 1491/1743 1497/1751 1492/1744
f 1492/1744 1497/1751 1498/1752
f 872/1065 879/1072 1493/1747
f 1493/1747 879/1072 1499/1753
f 1499/1753 1500/1754 1493/1747
f 1493/1747 1500/1754 1494/1748
f 1496/1749 1495/1750 1502/1755
f 1502/1755 1495/1750 1501/1756
f 1496/1749 1502/1755 1497/1751
f 1497/1751 1502/1755 1503/1757
f 1497/1751 1503/1757 1498/1752
f 1498/1752 1503/1757 1504/1758
f 879/1072 886/1079 1499/1753
f 1499/1753 886/1079 1505/1759
f 1499/1753 1505/1759 1500/1754
f 1500/1754 1505/1759 1506/1760
f 1508/1761 1502/1755 1507/1762
f 1507/1762 1502/1755 1501/1756
f 1502/1755 1508/1761 1503/1757
f 1503/1757 1508/1761 1509/1763
f 1503/1757 1509/1763 1504/1758
f 1504/1758 1509/1763 1510/1764
f 886/1079 893/1086 1505/1759
f 1505/1759 893/1086 1511/1765
f 1505/1759 1511/1765 1506/1760
f 1506/1760 1511/1765 1512/1766
f 1513/1767 1508/1761 1883/1768
f 1883/1768 1508/1761 1507/1762
f 1508/1761 1513/1767 1509/1763
f 1509/1763 1513/1767 1514/1769
f 1509/1763 1514/1769 1510/1764
f 1510/1764 1514/1769 1884/1770
f 1510/1764 1884/1770 1905/1771
f 1905/1771 1884/1770 1515/1772
f 1905/1771 1986/1095 1904/1773
f 1904/1773 1986/1095 1987/1096
f 893/1086 899/1098 1511/1765
f 1511/1765 899/1098 1516/1774
f 1511/1765 1516/1774 1512/1766
f 1512/1766 1516/1774 1517/1775
f 1313/1101 906/1103 1882/1776
f 1882/1776 906/1103 1522/1777
f 1339/1582 908/1105 697/885
f 1340/1584 908/1105 1339/1582
f 1341/1586 908/1105 1340/1584
f 1342/1588 908/1105 1341/1586
f 1343/1590 908/1105 1342/1588
f 1344/1592 908/1105 1343/1590
f 1345/1594 908/1105 1344/1592
f 1346/1596 908/1105 1345/1594
f 1347/1597 908/1105 1346/1596
f 1348/1599 908/1105 1347/1597
f 1349/1602 908/1105 1348/1599
f 1349/1602 1898/1604 908/1105
f 1974/1606 908/1105 1898/1604
f 1556/1778 1622/1779 1595/1780
f 1595/1780 1622/1779 1659/1781
f 1622/1779 1556/1778 1643/1782
f 1643/1782 1556/1778 1571/1783
f 1557/1784 1622/1779 1573/1785
f 1573/1785 1622/1779 1643/1782
f 1622/1779 1557/1784 1659/1781
f 1659/1781 1557/1784 1596/1786
f 1558/1787 1623/1788 1594/1789
f 1594/1789 1623/1788 1658/1790
f 1623/1788 1558/1787 1644/1791
f 1644/1791 1558/1787 1570/1792
f 1556/1778 1623/1788 1571/1783
f 1571/1783 1623/1788 1644/1791
f 1623/1788 1556/1778 1658/1790
f 1658/1790 1556/1778 1595/1780
f 1559/1793 1624/1794 1593/1795
f 1593/1795 1624/1794 1657/1796
f 1624/1794 1559/1793 1642/1797
f 1642/1797 1559/1793 1568/1798
f 1558/1787 1624/1794 1570/1792
f 1570/1792 1624/1794 1642/1797
f 1624/1794 1558/1787 1657/1796
f 1657/1796 1558/1787 1594/1789
f 1625/1799 1656/1800 1560/1801
f 1560/1801 1656/1800 1592/1802
f 1625/1799 1560/1801 1645/1803
f 1645/1803 1560/1801 1575/1804
f 1559/1793 1625/1799 1568/1798
f 1568/1798 1625/1799 1645/1803
f 1625/1799 1559/1793 1656/1800
f 1656/1800 1559/1793 1593/1795
f 1561/1805 1579/1806 1626/1807
f 1626/1807 1579/1806 1647/1808
f 1626/1807 1647/1808 1560/1801
f 1560/1801 1647/1808 1575/1804
f 1626/1807 1682/1809 1561/1805
f 1561/1805 1682/1809 1681/1810
f 1627/1811 1655/1812 1562/1813
f 1562/1813 1655/1812 1591/1814
f 1562/1813 1583/1815 1627/1811
f 1627/1811 1583/1815 1649/1816
f 1627/1811 1649/1816 1561/1805
f 1561/1805 1649/1816 1579/1806
f 1561/1805 1681/1810 1627/1811
f 1627/1811 1681/1810 1655/1812
f 1628/1817 1654/1818 1563/1819
f 1563/1819 1654/1818 1590/1820
f 1563/1819 1586/1821 1628/1817
f 1628/1817 1586/1821 1651/1822
f 1628/1817 1651/1822 1562/1813
f 1562/1813 1651/1822 1583/1815
f 1562/1813 1591/1814 1628/1817
f 1628/1817 1591/1814 1654/1818
f 1629/1823 1653/1824 1564/1825
f 1564/1825 1653/1824 1588/1826
f 1564/1825 1582/1827 1629/1823
f 1629/1823 1582/1827 1650/1828
f 1629/1823 1650/1828 1563/1819
f 1563/1819 1650/1828 1586/1821
f 1563/1819 1590/1820 1629/1823
f 1629/1823 1590/1820 1653/1824
f 1630/1829 1652/1830 1565/1831
f 1565/1831 1652/1830 1589/1832
f 1565/1831 1578/1833 1630/1829
f 1630/1829 1578/1833 1648/1834
f 1630/1829 1648/1834 1564/1825
f 1564/1825 1648/1834 1582/1827
f 1564/1825 1588/1826 1630/1829
f 1630/1829 1588/1826 1652/1830
f 1557/1784 1631/1835 1596/1786
f 1596/1786 1631/1835 1660/1836
f 1631/1835 1557/1784 1646/1837
f 1646/1837 1557/1784 1573/1785
f 1565/1831 1631/1835 1578/1833
f 1578/1833 1631/1835 1646/1837
f 1631/1835 1565/1831 1660/1836
f 1660/1836 1565/1831 1589/1832
f 1596/1786 1588/1826 1659/1781
f 1659/1781 1588/1826 1653/1824
f 1601/1838 1928/1839 1663/1840
f 1663/1840 1928/1839 1927/1841
f 1538/1842 1926/1843 1632/1844
f 1632/1844 1926/1843 1927/1841
f 1605/1845 1935/1846 1665/1847
f 1665/1847 1935/1846 1933/1848
f 1540/1849 1931/1850 1633/1851
f 1633/1851 1931/1850 1933/1848
f 1524/1852 1931/1850 1666/1853
f 1666/1853 1931/1850 1929/1854
f 1566/1855 1928/1839 1634/1856
f 1634/1856 1928/1839 1929/1854
f 1667/1857 1523/1858 1930/1859
f 1930/1859 1523/1858 1926/1843
f 1539/1860 1932/1861 1635/1862
f 1635/1862 1932/1861 1930/1859
f 1525/1863 1932/1861 1668/1864
f 1668/1864 1932/1861 1934/1865
f 1636/1866 1541/1867 1934/1865
f 1934/1865 1541/1867 1936/1868
f 1637/1869 1542/1870 1938/1871
f 1938/1871 1542/1870 1940/1872
f 1661/1873 1597/1874 1938/1871
f 1938/1871 1597/1874 1936/1868
f 1662/1875 1599/1876 1942/1877
f 1942/1877 1599/1876 1940/1872
f 1638/1878 1544/1879 1942/1877
f 1942/1877 1544/1879 1944/1880
f 1669/1881 1526/1882 1945/1883
f 1945/1883 1526/1882 1944/1880
f 1639/1884 1545/1885 1945/1883
f 1945/1883 1545/1885 1943/1886
f 1664/1887 1603/1888 1941/1889
f 1941/1889 1603/1888 1943/1886
f 1640/1890 1543/1891 1941/1889
f 1941/1889 1543/1891 1939/1892
f 1670/1893 1527/1894 1937/1895
f 1937/1895 1527/1894 1939/1892
f 1641/1896 1567/1897 1937/1895
f 1937/1895 1567/1897 1935/1846
f 1529/1898 1569/1899 1568/1798
f 1568/1798 1569/1899 1642/1797
f 1569/1899 1528/1900 1642/1797
f 1642/1797 1528/1900 1570/1792
f 1531/1901 1572/1902 1571/1783
f 1571/1783 1572/1902 1643/1782
f 1572/1902 1530/1903 1643/1782
f 1643/1782 1530/1903 1573/1785
f 1528/1900 1574/1904 1570/1792
f 1570/1792 1574/1904 1644/1791
f 1574/1904 1531/1901 1644/1791
f 1644/1791 1531/1901 1571/1783
f 1532/1905 1576/1906 1575/1804
f 1575/1804 1576/1906 1645/1803
f 1576/1906 1529/1898 1645/1803
f 1645/1803 1529/1898 1568/1798
f 1530/1903 1577/1907 1573/1785
f 1573/1785 1577/1907 1646/1837
f 1577/1907 1533/1908 1646/1837
f 1646/1837 1533/1908 1578/1833
f 1579/1806 1534/1909 1647/1808
f 1647/1808 1534/1909 1580/1910
f 1532/1905 1575/1804 1580/1910
f 1580/1910 1575/1804 1647/1808
f 1578/1833 1533/1908 1648/1834
f 1648/1834 1533/1908 1581/1911
f 1535/1912 1582/1827 1581/1911
f 1581/1911 1582/1827 1648/1834
f 1583/1815 1536/1913 1649/1816
f 1649/1816 1536/1913 1584/1914
f 1534/1909 1579/1806 1584/1914
f 1584/1914 1579/1806 1649/1816
f 1582/1827 1535/1912 1650/1828
f 1650/1828 1535/1912 1585/1915
f 1537/1916 1586/1821 1585/1915
f 1585/1915 1586/1821 1650/1828
f 1586/1821 1537/1916 1651/1822
f 1651/1822 1537/1916 1587/1917
f 1536/1913 1583/1815 1587/1917
f 1587/1917 1583/1815 1651/1822
f 1569/1918 1529/1919 1635/1862
f 1635/1862 1529/1919 1539/1860
f 1635/1862 1538/1842 1569/1918
f 1569/1918 1538/1842 1528/1920
f 1572/1921 1531/1922 1634/1856
f 1634/1856 1531/1922 1566/1855
f 1572/1921 1634/1856 1530/1923
f 1530/1923 1634/1856 1540/1849
f 1574/1924 1528/1920 1632/1844
f 1632/1844 1528/1920 1538/1842
f 1632/1844 1566/1855 1574/1924
f 1574/1924 1566/1855 1531/1922
f 1576/1925 1532/1926 1636/1866
f 1636/1866 1532/1926 1541/1867
f 1636/1866 1539/1860 1576/1925
f 1576/1925 1539/1860 1529/1919
f 1530/1923 1540/1849 1577/1927
f 1577/1927 1540/1849 1633/1851
f 1577/1927 1633/1851 1533/1928
f 1533/1928 1633/1851 1567/1897
f 1580/1929 1534/1930 1637/1869
f 1637/1869 1534/1930 1542/1870
f 1637/1869 1541/1867 1580/1929
f 1580/1929 1541/1867 1532/1926
f 1533/1928 1567/1897 1581/1931
f 1581/1931 1567/1897 1641/1896
f 1581/1931 1641/1896 1535/1932
f 1535/1932 1641/1896 1543/1891
f 1584/1933 1536/1934 1638/1878
f 1638/1878 1536/1934 1544/1879
f 1638/1878 1542/1870 1584/1933
f 1584/1933 1542/1870 1534/1930
f 1535/1932 1543/1891 1585/1935
f 1585/1935 1543/1891 1640/1890
f 1585/1935 1640/1890 1537/1936
f 1537/1936 1640/1890 1545/1885
f 1587/1937 1537/1936 1639/1884
f 1639/1884 1537/1936 1545/1885
f 1639/1884 1544/1879 1587/1937
f 1587/1937 1544/1879 1536/1934
f 1547/1938 1611/1939 1599/1876
f 1599/1876 1611/1939 1661/1873
f 1546/1940 1597/1874 1611/1939
f 1611/1939 1597/1874 1661/1873
f 1548/1941 1598/1942 1526/1882
f 1526/1882 1598/1942 1662/1875
f 1598/1942 1547/1938 1662/1875
f 1662/1875 1547/1938 1599/1876
f 1523/1858 1550/1943 1663/1840
f 1663/1840 1550/1943 1600/1944
f 1549/1945 1601/1838 1600/1944
f 1600/1944 1601/1838 1663/1840
f 1552/1946 1602/1947 1527/1894
f 1527/1894 1602/1947 1664/1887
f 1602/1947 1551/1948 1664/1887
f 1664/1887 1551/1948 1603/1888
f 1524/1852 1554/1949 1665/1847
f 1665/1847 1554/1949 1604/1950
f 1604/1950 1553/1951 1665/1847
f 1665/1847 1553/1951 1605/1845
f 1601/1838 1549/1945 1666/1853
f 1666/1853 1549/1945 1606/1952
f 1554/1949 1524/1852 1606/1952
f 1606/1952 1524/1852 1666/1853
f 1525/1863 1555/1953 1667/1857
f 1667/1857 1555/1953 1607/1954
f 1550/1943 1523/1858 1607/1954
f 1607/1954 1523/1858 1667/1857
f 1597/1874 1546/1940 1668/1864
f 1668/1864 1546/1940 1608/1955
f 1555/1953 1525/1863 1608/1955
f 1608/1955 1525/1863 1668/1864
f 1551/1948 1609/1956 1603/1888
f 1603/1888 1609/1956 1669/1881
f 1609/1956 1548/1941 1669/1881
f 1669/1881 1548/1941 1526/1882
f 1553/1951 1610/1957 1605/1845
f 1605/1845 1610/1957 1670/1893
f 1610/1957 1552/1946 1670/1893
f 1670/1893 1552/1946 1527/1894
f 1547/1938 1612/1958 1611/1939
f 1611/1939 1612/1958 1671/1959
f 1613/1960 1546/1940 1671/1959
f 1671/1959 1546/1940 1611/1939
f 1598/1942 1548/1941 1672/1961
f 1672/1961 1548/1941 1614/1962
f 1547/1938 1598/1942 1612/1958
f 1612/1958 1598/1942 1672/1961
f 1550/1943 1615/1963 1600/1944
f 1600/1944 1615/1963 1673/1964
f 1616/1965 1549/1945 1673/1964
f 1673/1964 1549/1945 1600/1944
f 1602/1947 1552/1946 1674/1966
f 1674/1966 1552/1946 1617/1967
f 1551/1948 1602/1947 1618/1968
f 1618/1968 1602/1947 1674/1966
f 1604/1950 1554/1949 1675/1969
f 1675/1969 1554/1949 1619/1970
f 1553/1951 1604/1950 1620/1971
f 1620/1971 1604/1950 1675/1969
f 1549/1945 1616/1965 1606/1952
f 1606/1952 1616/1965 1676/1972
f 1619/1970 1554/1949 1676/1972
f 1676/1972 1554/1949 1606/1952
f 1555/1953 1621/1973 1607/1954
f 1607/1954 1621/1973 1677/1974
f 1615/1963 1550/1943 1677/1974
f 1677/1974 1550/1943 1607/1954
f 1546/1940 1613/1960 1608/1955
f 1608/1955 1613/1960 1678/1975
f 1621/1973 1555/1953 1678/1975
f 1678/1975 1555/1953 1608/1955
f 1609/1956 1551/1948 1679/1976
f 1679/1976 1551/1948 1618/1968
f 1548/1941 1609/1956 1614/1962
f 1614/1962 1609/1956 1679/1976
f 1610/1957 1553/1951 1680/1977
f 1680/1977 1553/1951 1620/1971
f 1552/1946 1610/1957 1617/1967
f 1617/1967 1610/1957 1680/1977
f 1652/1830 1588/1826 1589/1832
f 1588/1826 1596/1786 1589/1832
f 1596/1786 1660/1836 1589/1832
f 1595/1780 1590/1820 1658/1790
f 1658/1790 1590/1820 1654/1818
f 1659/1781 1653/1824 1595/1780
f 1595/1780 1653/1824 1590/1820
f 1658/1790 1654/1818 1594/1789
f 1594/1789 1654/1818 1591/1814
f 1656/1800 1593/1795 1592/1802
f 1681/1810 1682/1809 1593/1795
f 1593/1795 1682/1809 1592/1802
f 1591/1814 1655/1812 1594/1789
f 1594/1789 1655/1812 1657/1796
f 1560/1801 1592/1802 1626/1807
f 1626/1807 1592/1802 1682/1809
f 1593/1795 1657/1796 1681/1810
f 1681/1810 1657/1796 1655/1812
f 1612/1958 1520/1978 1671/1959
f 1671/1959 1520/1978 1521/1979
f 1671/1959 1521/1979 1613/1960
f 1613/1960 1521/1979 1883/1768
f 1518/1980 1519/1981 1614/1962
f 1614/1962 1519/1981 1672/1961
f 1489/1741 1486/1740 1615/1963
f 1615/1963 1486/1740 1673/1964
f 1673/1964 1486/1740 1616/1965
f 1616/1965 1486/1740 1477/1731
f 1500/1754 1506/1760 1617/1967
f 1617/1967 1506/1760 1674/1966
f 1506/1760 1512/1766 1674/1966
f 1674/1966 1512/1766 1618/1968
f 1619/1970 1475/1729 1675/1969
f 1675/1969 1475/1729 1485/1739
f 1675/1969 1485/1739 1620/1971
f 1620/1971 1485/1739 1488/1746
f 1477/1731 1476/1730 1616/1965
f 1616/1965 1476/1730 1676/1972
f 1676/1972 1476/1730 1619/1970
f 1619/1970 1476/1730 1475/1729
f 1621/1973 1501/1756 1677/1974
f 1677/1974 1501/1756 1495/1750
f 1677/1974 1495/1750 1615/1963
f 1615/1963 1495/1750 1489/1741
f 1678/1975 1507/1762 1621/1973
f 1621/1973 1507/1762 1501/1756
f 1618/1968 1512/1766 1679/1976
f 1679/1976 1512/1766 1517/1775
f 1517/1775 1518/1980 1679/1976
f 1679/1976 1518/1980 1614/1962
f 1620/1971 1488/1746 1680/1977
f 1680/1977 1488/1746 1494/1748
f 1680/1977 1494/1748 1617/1967
f 1617/1967 1494/1748 1500/1754
f 1519/1981 1520/1978 1672/1961
f 1672/1961 1520/1978 1612/1958
f 1488/1746 1485/1739 1484/1738
f 1485/1739 1475/1729 1474/1728
f 1678/1975 1613/1960 1507/1762
f 1507/1762 1613/1960 1883/1768
f 1808/1982 1688/1983 1722/1984
f 1688/1983 1723/1985 1722/1984
f 1722/1984 1723/1985 1808/1982
f 1724/1986 1071/1317 1809/1987
f 1809/1987 1071/1317 1093/1318
f 1880/1988 1724/1986 1879/1989
f 1879/1989 1724/1986 1809/1987
f 1724/1986 1880/1988 1810/1990
f 1810/1990 1880/1988 1881/1991
f 1094/1325 1810/1990 1111/1323
f 1111/1323 1810/1990 1858/1992
f 1071/1317 1724/1986 1094/1325
f 1094/1325 1724/1986 1810/1990
f 1868/1993 1725/1994 1790/1995
f 1790/1995 1725/1994 1689/1996
f 1725/1994 1868/1993 1684/1997
f 1684/1997 1868/1993 1686/1998
f 1726/1999 1721/2000 1691/2001
f 1691/2001 1721/2000 1683/2002
f 1072/1336 1070/1337 1726/1999
f 1726/1999 1070/1337 1721/2000
f 1725/1994 1684/1997 1811/2003
f 1811/2003 1684/1997 1727/2004
f 1685/2005 1848/2006 1727/2004
f 1727/2004 1848/2006 1811/2003
f 1848/2006 1793/2007 1811/2003
f 1811/2003 1793/2007 1728/2008
f 1689/1996 1725/1994 1728/2008
f 1728/2008 1725/1994 1811/2003
f 1845/2009 1729/2010 1789/2011
f 1789/2011 1729/2010 1692/2012
f 1790/1995 1689/1996 1845/2009
f 1845/2009 1689/1996 1729/2010
f 1730/2013 1694/2014 1812/2015
f 1812/2015 1694/2014 1731/2016
f 1695/2017 1816/2018 1731/2016
f 1731/2016 1816/2018 1812/2015
f 1816/2018 1732/2019 1812/2015
f 1732/2019 1693/2020 1812/2015
f 1812/2015 1693/2020 1730/2013
f 1733/2021 1691/2001 1813/2022
f 1813/2022 1691/2001 1690/2023
f 1696/2024 1733/2021 1791/2025
f 1791/2025 1733/2021 1813/2022
f 1733/2021 1696/2024 1814/2026
f 1814/2026 1696/2024 1734/2027
f 1073/1364 1095/1363 1734/2027
f 1734/2027 1095/1363 1814/2026
f 1095/1363 1072/1336 1814/2026
f 1814/2026 1072/1336 1726/1999
f 1691/2001 1733/2021 1726/1999
f 1726/1999 1733/2021 1814/2026
f 1849/2028 1794/2029 1815/2030
f 1815/2030 1794/2029 1735/2031
f 1735/2031 1692/2012 1815/2030
f 1815/2030 1692/2012 1729/2010
f 1689/1996 1728/2008 1729/2010
f 1729/2010 1728/2008 1815/2030
f 1793/2007 1849/2028 1728/2008
f 1728/2008 1849/2028 1815/2030
f 1695/2017 1697/2032 1816/2018
f 1816/2018 1697/2032 1736/2033
f 1736/2033 1737/2034 1816/2018
f 1699/2035 1738/2036 1779/2037
f 1779/2037 1738/2036 1700/2038
f 1738/2036 1780/2039 1700/2038
f 1700/2038 1780/2039 1867/2040
f 1739/2041 1074/1380 1817/2042
f 1817/2042 1074/1380 1096/1381
f 1096/1381 1075/1382 1817/2042
f 1817/2042 1075/1382 1837/2043
f 1780/2039 1738/2036 1837/2043
f 1837/2043 1738/2036 1817/2042
f 1699/2035 1739/2041 1738/2036
f 1738/2036 1739/2041 1817/2042
f 1799/2044 1702/2045 1818/2046
f 1818/2046 1702/2045 1741/2047
f 1701/2048 1740/2049 1741/2047
f 1741/2047 1740/2049 1818/2046
f 1703/2050 1743/2051 1742/2052
f 1742/2052 1743/2051 1819/2053
f 1687/2054 1808/1982 1743/2051
f 1743/2051 1808/1982 1819/2053
f 1819/2053 1745/2055 1742/2052
f 1742/2052 1745/2055 1872/2056
f 1723/1985 1744/2057 1808/1982
f 1808/1982 1744/2057 1819/2053
f 1744/2057 1704/2058 1819/2053
f 1819/2053 1704/2058 1745/2055
f 1877/2059 1878/2060 1746/2061
f 1746/2061 1878/2060 1820/2062
f 1878/2060 1879/1989 1820/2062
f 1820/2062 1879/1989 1809/1987
f 1809/1987 1093/1318 1820/2062
f 1820/2062 1093/1318 1097/1402
f 1076/1403 1746/2061 1097/1402
f 1097/1402 1746/2061 1820/2062
f 1789/2011 1692/2012 1844/2063
f 1844/2063 1692/2012 1747/2064
f 1844/2063 1747/2064 1705/2065
f 1705/2065 1747/2064 1706/2066
f 1748/2067 1707/2068 1821/2069
f 1821/2069 1707/2068 1749/2070
f 1708/2071 1750/2072 1749/2070
f 1749/2070 1750/2072 1821/2069
f 1750/2072 1703/2050 1821/2069
f 1821/2069 1703/2050 1742/2052
f 1707/2068 1748/2067 1751/2073
f 1751/2073 1748/2067 1822/2074
f 1745/2055 1806/2075 1872/2056
f 1752/2076 1872/2056 1806/2075
f 1752/2076 1697/2032 1822/2074
f 1822/2074 1697/2032 1753/2077
f 1709/2078 1751/2073 1753/2077
f 1753/2077 1751/2073 1822/2074
f 1703/2050 1750/2072 1754/2079
f 1754/2079 1750/2072 1823/2080
f 1750/2072 1708/2071 1823/2080
f 1823/2080 1708/2071 1755/2081
f 1803/2082 1857/2083 1755/2081
f 1755/2081 1857/2083 1823/2080
f 1857/2083 1804/2084 1823/2080
f 1823/2080 1804/2084 1754/2079
f 1756/2085 1843/2086 1710/2087
f 1710/2087 1843/2086 1788/2088
f 1843/2086 1756/2085 1787/2089
f 1787/2089 1756/2085 1711/2090
f 1757/2091 1713/2092 1824/2093
f 1824/2093 1713/2092 1758/2094
f 1715/2095 1759/2096 1758/2094
f 1758/2094 1759/2096 1824/2093
f 1759/2096 1714/2097 1824/2093
f 1824/2093 1714/2097 1760/2098
f 1712/2099 1757/2091 1760/2098
f 1760/2098 1757/2091 1824/2093
f 1761/2100 1716/2101 1825/2102
f 1825/2102 1716/2101 1762/2103
f 1701/2048 1763/2104 1762/2103
f 1762/2103 1763/2104 1825/2102
f 1713/2092 1757/2091 1763/2104
f 1763/2104 1757/2091 1825/2102
f 1757/2091 1712/2099 1825/2102
f 1825/2102 1712/2099 1761/2100
f 1764/2105 1796/2106 1826/2107
f 1826/2107 1796/2106 1852/2108
f 1797/2109 1765/2110 1852/2108
f 1852/2108 1765/2110 1826/2107
f 1765/2110 1711/2090 1826/2107
f 1826/2107 1711/2090 1756/2085
f 1710/2087 1764/2105 1756/2085
f 1756/2085 1764/2105 1826/2107
f 1714/2097 1759/2096 1766/2111
f 1766/2111 1759/2096 1827/2112
f 1759/2096 1715/2095 1827/2112
f 1827/2112 1715/2095 1767/2113
f 1801/2114 1855/2115 1767/2113
f 1767/2113 1855/2115 1827/2112
f 1855/2115 1802/2116 1827/2112
f 1827/2112 1802/2116 1766/2111
f 1787/2089 1711/2090 1842/2117
f 1842/2117 1711/2090 1765/2110
f 1798/2118 1842/2117 1797/2109
f 1797/2109 1842/2117 1765/2110
f 1800/2119 1854/2120 1768/2121
f 1768/2121 1854/2120 1828/2122
f 1854/2120 1801/2114 1828/2122
f 1828/2122 1801/2114 1767/2113
f 1767/2113 1715/2095 1828/2122
f 1828/2122 1715/2095 1758/2094
f 1713/2092 1768/2121 1758/2094
f 1758/2094 1768/2121 1828/2122
f 1769/2123 1696/2024 1829/2124
f 1829/2124 1696/2024 1791/2025
f 1717/2125 1769/2123 1792/2126
f 1792/2126 1769/2123 1829/2124
f 1718/2127 1770/2128 1771/2129
f 1771/2129 1770/2128 1830/2130
f 1745/2055 1704/2058 1831/2131
f 1831/2131 1704/2058 1772/2132
f 1772/2132 1876/2133 1873/2134
f 1873/2134 1876/2133 1875/2135
f 1769/2123 1717/2125 1832/2136
f 1832/2136 1717/2125 1774/2137
f 1077/1480 1098/1479 1774/2137
f 1774/2137 1098/1479 1832/2136
f 1098/1479 1073/1364 1832/2136
f 1832/2136 1073/1364 1734/2027
f 1696/2024 1769/2123 1734/2027
f 1734/2027 1769/2123 1832/2136
f 1877/2059 1746/2061 1876/2133
f 1876/2133 1746/2061 1833/2138
f 1746/2061 1076/1403 1833/2138
f 1833/2138 1076/1403 1099/1482
f 1078/1484 1775/2139 1099/1482
f 1099/1482 1775/2139 1833/2138
f 1775/2139 1875/2135 1833/2138
f 1833/2138 1875/2135 1876/2133
f 1719/2140 1717/2125 1847/2141
f 1847/2141 1717/2125 1792/2126
f 1770/2128 1718/2127 1777/2142
f 1777/2142 1718/2127 1776/2143
f 1873/2134 1875/2135 1836/2144
f 1836/2144 1875/2135 1874/2145
f 1079/1491 1077/1480 1834/2146
f 1834/2146 1077/1480 1774/2137
f 1717/2125 1719/2140 1774/2137
f 1774/2137 1719/2140 1834/2146
f 1775/2139 1078/1484 1835/2147
f 1835/2147 1078/1484 1100/1494
f 1875/2135 1775/2139 1874/2145
f 1874/2145 1775/2139 1835/2147
f 1777/2142 1776/2143 1700/2038
f 1700/2038 1776/2143 1779/2037
f 1075/1382 1079/1491 1837/2043
f 1837/2043 1079/1491 1834/2146
f 1719/2140 1780/2039 1834/2146
f 1834/2146 1780/2039 1837/2043
f 1795/2148 1781/2149 1850/2150
f 1850/2150 1781/2149 1838/2151
f 1781/2149 1706/2066 1838/2151
f 1838/2151 1706/2066 1747/2064
f 1692/2012 1735/2031 1747/2064
f 1747/2064 1735/2031 1838/2151
f 1735/2031 1794/2029 1838/2151
f 1838/2151 1794/2029 1850/2150
f 1856/2152 1803/2082 1839/2153
f 1839/2153 1803/2082 1755/2081
f 1708/2071 1782/2154 1755/2081
f 1755/2081 1782/2154 1839/2153
f 1782/2154 1714/2097 1839/2153
f 1839/2153 1714/2097 1766/2111
f 1802/2116 1856/2152 1766/2111
f 1766/2111 1856/2152 1839/2153
f 1720/2155 1716/2101 1840/2156
f 1840/2156 1716/2101 1783/2157
f 1709/2078 1784/2158 1783/2157
f 1783/2157 1784/2158 1840/2156
f 1705/2065 1706/2066 1871/2159
f 1871/2159 1706/2066 1785/2160
f 1710/2087 1788/2088 1785/2160
f 1785/2160 1788/2088 1871/2159
f 1786/2161 1712/2099 1841/2162
f 1841/2162 1712/2099 1760/2098
f 1714/2097 1782/2154 1760/2098
f 1760/2098 1782/2154 1841/2162
f 1782/2154 1708/2071 1841/2162
f 1841/2162 1708/2071 1749/2070
f 1707/2068 1786/2161 1749/2070
f 1749/2070 1786/2161 1841/2162
f 1798/2118 1799/2044 1842/2117
f 1842/2117 1799/2044 1818/2046
f 1740/2049 1787/2089 1818/2046
f 1818/2046 1787/2089 1842/2117
f 1787/2089 1740/2049 1843/2086
f 1843/2086 1740/2049 1864/2163
f 1720/2155 1788/2088 1864/2163
f 1864/2163 1788/2088 1843/2086
f 1705/2065 1784/2158 1844/2063
f 1844/2063 1784/2158 1861/2164
f 1695/2017 1789/2011 1861/2164
f 1861/2164 1789/2011 1844/2063
f 1789/2011 1695/2017 1845/2009
f 1845/2009 1695/2017 1731/2016
f 1694/2014 1790/1995 1731/2016
f 1731/2016 1790/1995 1845/2009
f 1694/2014 1730/2013 1686/1998
f 1686/1998 1730/2013 1846/2165
f 1897/2166 1693/2020 1732/2019
f 1830/2130 1770/2128 1829/2124
f 1829/2124 1770/2128 1792/2126
f 1770/2128 1777/2142 1792/2126
f 1792/2126 1777/2142 1847/2141
f 1777/2142 1700/2038 1847/2141
f 1847/2141 1700/2038 1867/2040
f 1069/1514 1101/1515 1685/2005
f 1685/2005 1101/1515 1848/2006
f 1101/1515 1080/1516 1848/2006
f 1848/2006 1080/1516 1793/2007
f 1080/1516 1102/1517 1793/2007
f 1793/2007 1102/1517 1849/2028
f 1102/1517 1081/1518 1849/2028
f 1849/2028 1081/1518 1794/2029
f 1081/1518 1103/1519 1794/2029
f 1794/2029 1103/1519 1850/2150
f 1082/1520 1795/2148 1103/1519
f 1103/1519 1795/2148 1850/2150
f 1795/2148 1082/1520 1851/2167
f 1851/2167 1082/1520 1104/1522
f 1083/1523 1796/2106 1104/1522
f 1104/1522 1796/2106 1851/2167
f 1796/2106 1083/1523 1852/2108
f 1852/2108 1083/1523 1105/1524
f 1084/1525 1797/2109 1105/1524
f 1105/1524 1797/2109 1852/2108
f 1085/1526 1798/2118 1084/1525
f 1084/1525 1798/2118 1797/2109
f 1086/1527 1799/2044 1085/1526
f 1085/1526 1799/2044 1798/2118
f 1088/1530 1106/1529 1702/2045
f 1702/2045 1106/1529 1853/2168
f 1106/1529 1087/1531 1853/2168
f 1853/2168 1087/1531 1800/2119
f 1107/1532 1089/1533 1854/2120
f 1854/2120 1089/1533 1801/2114
f 1087/1531 1107/1532 1800/2119
f 1800/2119 1107/1532 1854/2120
f 1089/1533 1108/1534 1801/2114
f 1801/2114 1108/1534 1855/2115
f 1108/1534 1090/1535 1855/2115
f 1855/2115 1090/1535 1802/2116
f 1109/1536 1091/1537 1856/2152
f 1856/2152 1091/1537 1803/2082
f 1090/1535 1109/1536 1802/2116
f 1802/2116 1109/1536 1856/2152
f 1091/1537 1110/1538 1803/2082
f 1803/2082 1110/1538 1857/2083
f 1110/1538 1092/1539 1857/2083
f 1857/2083 1092/1539 1804/2084
f 1092/1539 1111/1323 1804/2084
f 1804/2084 1111/1323 1858/1992
f 1739/2041 1699/2035 1859/2169
f 1859/2169 1699/2035 1805/2170
f 1874/2145 1835/2147 1805/2170
f 1805/2170 1835/2147 1859/2169
f 1835/2147 1100/1494 1859/2169
f 1859/2169 1100/1494 1112/1542
f 1074/1380 1739/2041 1112/1542
f 1112/1542 1739/2041 1859/2169
f 1086/1527 1088/1530 1799/2044
f 1799/2044 1088/1530 1702/2045
f 1698/2171 1806/2075 1771/2129
f 1771/2129 1806/2075 1860/2172
f 1806/2075 1745/2055 1860/2172
f 1860/2172 1745/2055 1831/2131
f 1773/2173 1807/2174 1831/2131
f 1831/2131 1807/2174 1860/2172
f 1807/2174 1718/2127 1860/2172
f 1860/2172 1718/2127 1771/2129
f 1784/2158 1709/2078 1861/2164
f 1861/2164 1709/2078 1753/2077
f 1695/2017 1861/2164 1697/2032
f 1697/2032 1861/2164 1753/2077
f 1718/2127 1807/2174 1776/2143
f 1776/2143 1807/2174 1862/2175
f 1807/2174 1773/2173 1862/2175
f 1862/2175 1773/2173 1778/2176
f 1786/2161 1707/2068 1863/2177
f 1863/2177 1707/2068 1751/2073
f 1751/2073 1709/2078 1863/2177
f 1863/2177 1709/2078 1783/2157
f 1716/2101 1761/2100 1783/2157
f 1783/2157 1761/2100 1863/2177
f 1712/2099 1786/2161 1761/2100
f 1761/2100 1786/2161 1863/2177
f 1776/2143 1862/2175 1779/2037
f 1779/2037 1862/2175 1865/2178
f 1778/2176 1836/2144 1862/2175
f 1862/2175 1836/2144 1865/2178
f 1740/2049 1701/2048 1864/2163
f 1864/2163 1701/2048 1762/2103
f 1716/2101 1720/2155 1762/2103
f 1762/2103 1720/2155 1864/2163
f 1805/2170 1699/2035 1865/2178
f 1865/2178 1699/2035 1779/2037
f 1853/2168 1800/2119 1866/2179
f 1866/2179 1800/2119 1768/2121
f 1713/2092 1763/2104 1768/2121
f 1768/2121 1763/2104 1866/2179
f 1763/2104 1701/2048 1866/2179
f 1866/2179 1701/2048 1741/2047
f 1702/2045 1853/2168 1741/2047
f 1741/2047 1853/2168 1866/2179
f 1780/2039 1719/2140 1867/2040
f 1867/2040 1719/2140 1847/2141
f 1790/1995 1694/2014 1868/1993
f 1868/1993 1694/2014 1686/1998
f 1697/2032 1752/2076 1736/2033
f 1736/2033 1752/2076 1698/2171
f 1806/2075 1698/2171 1752/2076
f 1804/2084 1858/1992 1754/2079
f 1754/2079 1858/1992 1869/2180
f 1858/1992 1810/1990 1869/2180
f 1810/1990 1881/1991 1869/2180
f 1743/2051 1703/2050 1869/2180
f 1869/2180 1703/2050 1754/2079
f 1781/2149 1795/2148 1870/2181
f 1870/2181 1795/2148 1851/2167
f 1796/2106 1764/2105 1851/2167
f 1851/2167 1764/2105 1870/2181
f 1764/2105 1710/2087 1870/2181
f 1870/2181 1710/2087 1785/2160
f 1706/2066 1781/2149 1785/2160
f 1785/2160 1781/2149 1870/2181
f 1788/2088 1720/2155 1871/2159
f 1871/2159 1720/2155 1840/2156
f 1784/2158 1705/2065 1840/2156
f 1840/2156 1705/2065 1871/2159
f 1872/2056 1752/2076 1748/2067
f 1748/2067 1752/2076 1822/2074
f 1872/2056 1748/2067 1742/2052
f 1742/2052 1748/2067 1821/2069
f 1773/2173 1873/2134 1778/2176
f 1778/2176 1873/2134 1836/2144
f 1873/2134 1773/2173 1772/2132
f 1772/2132 1773/2173 1831/2131
f 1836/2144 1874/2145 1865/2178
f 1865/2178 1874/2145 1805/2170
f 1704/2058 1877/2059 1772/2132
f 1772/2132 1877/2059 1876/2133
f 1878/2060 1877/2059 1744/2057
f 1744/2057 1877/2059 1704/2058
f 1744/2057 1723/1985 1878/2060
f 1878/2060 1723/1985 1879/1989
f 1688/1983 1880/1988 1723/1985
f 1723/1985 1880/1988 1879/1989
f 1881/1991 1880/1988 1687/2054
f 1687/2054 1880/1988 1688/1983
f 1869/2180 1881/1991 1743/2051
f 1743/2051 1881/1991 1687/2054
f 1685/2182 1887/2183 1069/1556
f 1069/1556 1887/2183 1320/1554
f 1522/1777 1887/2183 1519/1981
f 1519/1981 1887/2183 1888/2184
f 1519/1981 1518/1980 1522/1777
f 1522/1777 1518/1980 1882/1776
f 1518/1980 1517/1775 1882/1776
f 1882/1776 1517/1775 1516/1774
f 899/1098 1313/1101 1516/1774
f 1516/1774 1313/1101 1882/1776
f 1684/2185 1686/2186 1889/2187
f 1889/2187 1686/2186 1890/2188
f 1883/1768 1521/1979 1891/2189
f 1891/2189 1521/1979 1890/2188
f 1886/2190 1893/2191 1885/2192
f 1885/2192 1893/2191 1892/2193
f 1515/1772 1899/2194 1316/1570
f 1316/1570 1899/2194 1321/1568
f 1519/1981 1888/2184 1520/1978
f 1520/1978 1888/2184 1889/2187
f 1883/1768 1891/2189 1513/1767
f 1513/1767 1891/2189 1892/2193
f 1730/2013 1693/2020 1846/2165
f 1846/2165 1693/2020 1885/2195
f 1691/2001 1683/2002 1690/2023
f 1690/2023 1683/2002 1886/2196
f 1514/1769 1893/2191 1884/1770
f 1884/1770 1893/2191 1894/2197
f 1885/2195 1693/2020 1886/2196
f 1886/2196 1693/2020 1690/2023
f 906/1103 1320/1554 1522/1777
f 1522/1777 1320/1554 1887/2183
f 1070/1575 1321/1568 1721/2198
f 1721/2198 1321/1568 1899/2194
f 1685/2182 1727/2199 1887/2183
f 1887/2183 1727/2199 1888/2184
f 1727/2199 1684/2185 1888/2184
f 1888/2184 1684/2185 1889/2187
f 1521/1979 1520/1978 1890/2188
f 1890/2188 1520/1978 1889/2187
f 1846/2200 1891/2189 1686/2186
f 1686/2186 1891/2189 1890/2188
f 1885/2192 1892/2193 1846/2200
f 1846/2200 1892/2193 1891/2189
f 1513/1767 1892/2193 1514/1769
f 1514/1769 1892/2193 1893/2191
f 1683/2201 1894/2197 1886/2190
f 1886/2190 1894/2197 1893/2191
f 1721/2198 1899/2194 1683/2201
f 1683/2201 1899/2194 1894/2197
f 1895/2202 1698/2171 1830/2130
f 1830/2130 1698/2171 1771/2129
f 1895/2202 1830/2130 1791/2025
f 1791/2025 1830/2130 1829/2124
f 1895/2202 1791/2025 1896/2203
f 1896/2203 1791/2025 1813/2022
f 1736/2033 1698/2171 1737/2034
f 1737/2034 1698/2171 1895/2202
f 1737/2034 1895/2202 1897/2166
f 1897/2166 1895/2202 1896/2203
f 1693/2020 1897/2166 1690/2023
f 1690/2023 1897/2166 1896/2203
f 1690/2023 1896/2203 1813/2022
f 1816/2018 1737/2034 1732/2019
f 1732/2019 1737/2034 1897/2166
f 1884/1770 1894/2197 1515/1772
f 1515/1772 1894/2197 1899/2194
f 1372/1617 1900/1618 1360/1601
f 1360/1601 1900/1618 1361/1603
f 1383/1630 1901/1631 1372/1617
f 1372/1617 1901/1631 1900/1618
f 1394/1643 1902/1644 1383/1630
f 1383/1630 1902/1644 1901/1631
f 1405/1656 1903/1657 1394/1643
f 1394/1643 1903/1657 1902/1644
f 1405/1656 1416/1669 1903/1657
f 1903/1657 1416/1669 351/866
f 1427/1681 434/869 1416/1669
f 1416/1669 434/869 351/866
f 1498/1752 1904/1773 431/882
f 1504/1758 1510/1764 1904/1773
f 1904/1773 1510/1764 1905/1771
f 1052/1181 987/1166 1906/1182
f 1906/1182 987/1166 1907/1168
f 1049/1167 909/1187 1908/1169
f 1908/1169 909/1187 1909/1172
f 1018/1171 952/1183 1908/1169
f 1908/1169 952/1183 1907/1168
f 1020/1184 926/1177 1906/1182
f 1906/1182 926/1177 1910/1179
f 1021/1189 924/1170 1911/1186
f 1911/1186 924/1170 1909/1172
f 1051/1174 910/1180 1912/1176
f 1912/1176 910/1180 1910/1179
f 1053/1185 911/1191 1911/1186
f 1911/1186 911/1191 1913/1190
f 1019/1178 953/1225 1912/1176
f 1912/1176 953/1225 1914/1175
f 1022/1194 925/1188 1915/1193
f 1915/1193 925/1188 1913/1190
f 991/1173 1914/1175 1056/1221
f 1056/1221 1914/1175 1916/1222
f 983/1202 1917/1196 1054/1192
f 1054/1192 1917/1196 1915/1193
f 929/1219 1918/1220 1027/1224
f 1027/1224 1918/1220 1916/1222
f 927/1195 1917/1196 1023/1197
f 1023/1197 1917/1196 1919/1198
f 913/1223 1918/1220 1050/1215
f 1050/1215 1918/1220 1920/1216
f 985/1205 1921/1200 1047/1201
f 1047/1201 1921/1200 1919/1198
f 931/1213 1922/1214 1026/1218
f 1026/1218 1922/1214 1920/1216
f 928/1199 1921/1200 1024/1206
f 1024/1206 1921/1200 1923/1204
f 989/1217 1922/1214 1055/1209
f 1055/1209 1922/1214 1924/1210
f 912/1211 1925/1208 1048/1203
f 1048/1203 1925/1208 1923/1204
f 930/1207 1925/1208 1025/1212
f 1025/1212 1925/1208 1924/1210
f 1663/1840 1927/1841 1523/1858
f 1523/1858 1927/1841 1926/1843
f 1666/1853 1929/1854 1601/1838
f 1601/1838 1929/1854 1928/1839
f 1632/1844 1927/1841 1566/1855
f 1566/1855 1927/1841 1928/1839
f 1635/1862 1930/1859 1538/1842
f 1538/1842 1930/1859 1926/1843
f 1634/1856 1929/1854 1540/1849
f 1540/1849 1929/1854 1931/1850
f 1667/1857 1930/1859 1525/1863
f 1525/1863 1930/1859 1932/1861
f 1665/1847 1933/1848 1524/1852
f 1524/1852 1933/1848 1931/1850
f 1636/1866 1934/1865 1539/1860
f 1539/1860 1934/1865 1932/1861
f 1633/1851 1933/1848 1567/1897
f 1567/1897 1933/1848 1935/1846
f 1597/1874 1668/1864 1936/1868
f 1936/1868 1668/1864 1934/1865
f 1605/1845 1670/1893 1935/1846
f 1935/1846 1670/1893 1937/1895
f 1541/1867 1637/1869 1936/1868
f 1936/1868 1637/1869 1938/1871
f 1543/1891 1641/1896 1939/1892
f 1939/1892 1641/1896 1937/1895
f 1599/1876 1661/1873 1940/1872
f 1940/1872 1661/1873 1938/1871
f 1527/1894 1664/1887 1939/1892
f 1939/1892 1664/1887 1941/1889
f 1542/1870 1638/1878 1940/1872
f 1940/1872 1638/1878 1942/1877
f 1545/1885 1640/1890 1943/1886
f 1943/1886 1640/1890 1941/1889
f 1526/1882 1662/1875 1944/1880
f 1944/1880 1662/1875 1942/1877
f 1603/1888 1669/1881 1943/1886
f 1943/1886 1669/1881 1945/1883
f 1544/1879 1639/1884 1944/1880
f 1944/1880 1639/1884 1945/1883
f 652/622 1946/743 2088/620
f 2088/620 1946/743 2087/2204
f 375/556 394/717 1965/550
f 1965/550 394/717 1946/743
f 2087/2204 1946/743 2108/795
f 2108/795 1946/743 394/717
f 402/677 522/676 1950/845
f 1950/845 522/676 1949/846
f 661/687 1951/844 580/680
f 580/680 1951/844 1950/845
f 403/685 525/683 1952/843
f 1952/843 525/683 1951/844
f 578/728 1953/841 579/688
f 579/688 1953/841 1952/843
f 578/728 2095/770 1953/841
f 1953/841 2095/770 2097/842
f 585/761 1955/840 420/814
f 420/814 1955/840 1956/838
f 660/602 1958/836 576/600
f 576/600 1958/836 1957/837
f 528/692 1958/836 405/693
f 405/693 1958/836 1959/835
f 659/619 1960/834 575/605
f 575/605 1960/834 1959/835
f 531/702 1960/834 408/703
f 408/703 1960/834 1961/833
f 574/617 658/740 1961/833
f 1961/833 658/740 1962/832
f 413/711 534/710 1963/831
f 1963/831 534/710 1962/832
f 672/804 1948/806 572/829
f 572/829 1948/806 1964/830
f 1471/1725 1482/1736 432/876
f 432/876 1482/1736 348/877
f 1460/1714 1471/1725 349/874
f 349/874 1471/1725 432/876
f 1449/1703 1460/1714 433/873
f 433/873 1460/1714 349/874
f 1438/1692 1449/1703 350/870
f 350/870 1449/1703 433/873
f 352/879 348/877 1492/1744
f 1492/1744 348/877 1482/1736
f 431/882 352/879 1498/1752
f 1498/1752 352/879 1492/1744
f 431/882 1904/1773 436/481
f 436/481 1904/1773 1987/1096
f 436/481 1987/1096 89/416
f 89/416 1987/1096 321/1097
f 434/869 1427/1681 350/870
f 350/870 1427/1681 1438/1692
f 2050/2205 1974/1606 2049/2206
f 2049/2206 1974/1606 1973/1605
f 351/866 435/480 1903/1657
f 1903/1657 435/480 1975/1658
f 2048/2207 2049/2206 1976/1619
f 1976/1619 2049/2206 1973/1605
f 2047/2208 2048/2207 1977/1632
f 1977/1632 2048/2207 1976/1619
f 2047/2208 1977/1632 2046/2209
f 2046/2209 1977/1632 1978/1645
f 2045/1670 2046/2209 1975/1658
f 1975/1658 2046/2209 1978/1645
f 685/454 2027/455 607/856
f 607/856 2027/455 2028/2210
f 311/125 1979/127 2025/451
f 2025/451 1979/127 2026/453
f 859/1052 5/411 868/1061
f 868/1061 5/411 85/414
f 859/1052 846/1040 5/411
f 5/411 846/1040 1/409
f 722/908 1332/907 1980/912
f 1980/912 1332/907 1981/911
f 4/400 88/401 775/2211
f 775/2211 88/401 1982/968
f 736/2212 1983/926 723/910
f 723/910 1983/926 1980/912
f 749/2213 1984/940 736/2212
f 736/2212 1984/940 1983/926
f 762/2214 1985/954 749/2213
f 749/2213 1985/954 1984/940
f 775/2211 1982/968 762/2214
f 762/2214 1982/968 1985/954
f 811/1004 799/992 2/406
f 2/406 799/992 87/405
f 2/406 86/408 811/1004
f 811/1004 86/408 823/1016
f 823/1016 86/408 835/1028
f 835/1028 86/408 1/409
f 846/1040 835/1028 1/409
f 89/416 321/1097 2016/2215
f 2016/2215 85/414 89/416
f 1515/1772 1316/1570 1905/1771
f 1905/1771 1316/1570 1986/1095
f 1338/1093 1986/1095 898/1094
f 898/1094 1986/1095 1316/1570
f 244/12 1988/1 91/14
f 91/14 1988/1 1989/2216
f 92/15 1990/2 244/12
f 244/12 1990/2 1988/1
f 245/18 1991/4 92/15
f 92/15 1991/4 1990/2
f 300/19 1992/5 245/18
f 245/18 1992/5 1991/4
f 165/203 164/202 1994/2217
f 1994/2217 164/202 1993/2218
f 267/205 166/204 1996/2219
f 1996/2219 166/204 1995/2220
f 164/202 267/205 1993/2218
f 1993/2218 267/205 1996/2219
f 91/14 1989/2216 289/208
f 289/208 1989/2216 1997/2221
f 168/210 165/203 1998/7
f 1998/7 165/203 1994/2217
f 289/208 1997/2221 325/374
f 325/374 1997/2221 1999/2222
f 316/392 168/210 2000/6
f 2000/6 168/210 1998/7
f 325/374 1999/2222 166/204
f 166/204 1999/2222 1995/2220
f 1992/5 300/19 2019/8
f 2019/8 300/19 2018/418
f 316/392 2000/6 691/476
f 691/476 2000/6 2002/2223
f 623/485 438/486 2004/2224
f 2004/2224 438/486 2003/2225
f 439/488 623/485 2005/2226
f 2005/2226 623/485 2004/2224
f 624/490 439/488 2006/2227
f 2006/2227 439/488 2005/2226
f 624/490 2006/2227 441/492
f 441/492 2006/2227 2007/10
f 521/674 2008/2228 520/675
f 520/675 2008/2228 2009/2229
f 646/678 2010/2230 522/676
f 522/676 2010/2230 2011/2231
f 520/675 2009/2229 646/678
f 646/678 2009/2229 2010/2230
f 438/486 662/681 2003/2225
f 2003/2225 662/681 2012/2232
f 524/682 2013/2233 521/674
f 521/674 2013/2233 2008/2228
f 662/681 1949/846 2012/2232
f 2012/2232 1949/846 2014/2234
f 441/492 2007/10 673/848
f 673/848 2007/10 2001/9
f 691/476 2002/2223 524/682
f 524/682 2002/2223 2013/2233
f 1949/846 522/676 2014/2234
f 2014/2234 522/676 2011/2231
f 1989/2216 1988/1 2015/3
f 1994/2217 1993/2218 2015/3
f 1996/2219 1995/2220 2015/3
f 1993/2218 1996/2219 2015/3
f 1997/2221 1989/2216 2015/3
f 1998/7 1994/2217 2015/3
f 1999/2222 1997/2221 2015/3
f 1995/2220 1999/2222 2015/3
f 2002/2223 2000/6 2015/3
f 2004/2224 2003/2225 2015/3
f 2005/2226 2004/2224 2015/3
f 2006/2227 2005/2226 2015/3
f 2007/10 2006/2227 2015/3
f 2009/2229 2008/2228 2015/3
f 2011/2231 2010/2230 2015/3
f 2010/2230 2009/2229 2015/3
f 2003/2225 2012/2232 2015/3
f 2008/2228 2013/2233 2015/3
f 2012/2232 2014/2234 2015/3
f 2013/2233 2002/2223 2015/3
f 2014/2234 2011/2231 2015/3
f 321/1097 885/1078 2016/2215
f 2016/2215 885/1078 878/1071
f 868/1061 85/414 878/1071
f 878/1071 85/414 2016/2215
f 1498/1752 1504/1758 1904/1773
f 2001/9 2019/8 673/848
f 673/848 2019/8 2018/418
f 229/100 2021/2235 309/98
f 309/98 2021/2235 2020/2236
f 674/849 591/847 2022/420
f 2022/420 591/847 2023/419
f 591/847 673/848 2023/419
f 2023/419 673/848 2018/418
f 592/850 674/849 2024/421
f 2024/421 674/849 2022/420
f 592/850 2024/421 684/855
f 684/855 2024/421 2025/451
f 684/855 2025/451 605/452
f 605/452 2025/451 2026/453
f 1979/127 143/141 2026/453
f 2026/453 143/141 2027/455
f 143/141 230/143 2027/455
f 2027/455 230/143 2028/2210
f 607/857 2028/2237 688/858
f 688/858 2028/2237 2029/2238
f 688/858 2029/2238 608/859
f 608/859 2029/2238 2030/2239
f 608/859 2030/2239 689/860
f 689/860 2030/2239 2031/2240
f 689/860 2031/2240 604/853
f 604/853 2031/2240 2032/2241
f 683/854 604/853 2033/2242
f 2033/2242 604/853 2032/2241
f 602/851 683/854 2034/2243
f 2034/2243 683/854 2033/2242
f 602/851 2034/2243 682/852
f 682/852 2034/2243 2020/2244
f 2021/2235 229/100 2017/2245
f 2017/2245 229/100 313/174
f 42/160 2035/2246 313/174
f 313/174 2035/2246 2017/2245
f 312/159 2036/2247 42/160
f 42/160 2036/2247 2035/2246
f 312/152 30/88 2036/460
f 2036/460 30/88 2037/437
f 308/86 2038/435 30/88
f 30/88 2038/435 2037/437
f 228/89 2039/439 308/86
f 308/86 2039/439 2038/435
f 228/89 46/92 2039/439
f 2039/439 46/92 2040/441
f 46/92 163/394 2040/441
f 2040/441 163/394 2041/472
f 163/394 80/396 2041/472
f 2041/472 80/396 2042/474
f 234/399 2043/477 80/396
f 80/396 2043/477 2042/474
f 4/400 2044/479 234/399
f 234/399 2044/479 2043/477
f 775/2211 2045/1670 4/400
f 4/400 2045/1670 2044/479
f 762/2214 2046/2209 775/2211
f 775/2211 2046/2209 2045/1670
f 762/2214 749/2213 2046/2209
f 2046/2209 749/2213 2047/2208
f 749/2213 736/2212 2047/2208
f 2047/2208 736/2212 2048/2207
f 736/2212 723/910 2048/2207
f 2048/2207 723/910 2049/2206
f 723/910 709/909 2049/2206
f 2049/2206 709/909 2050/2205
f 908/1105 2050/2205 709/909
f 1974/1606 2050/2205 908/1105
f 908/1105 1981/911 1332/907
f 2052/329 2066/2248 2051/331
f 2051/331 2066/2248 2065/2249
f 323/335 2068/2250 283/333
f 283/333 2068/2250 2067/2251
f 283/333 2067/2251 2052/329
f 2052/329 2067/2251 2066/2248
f 186/279 279/276 2069/2252
f 2069/2252 279/276 2070/2253
f 185/277 280/285 2071/2254
f 2071/2254 280/285 2072/2255
f 279/276 185/277 2070/2253
f 2070/2253 185/277 2071/2254
f 2053/300 186/279 2073/2256
f 2073/2256 186/279 2069/2252
f 2051/331 2065/2249 187/286
f 187/286 2065/2249 2074/2257
f 280/285 187/286 2072/2255
f 2072/2255 187/286 2074/2257
f 281/294 2076/287 188/296
f 188/296 2076/287 2075/297
f 2055/368 2078/2258 2054/290
f 2054/290 2078/2258 2077/2259
f 2054/290 2077/2259 281/292
f 281/292 2077/2259 2076/2260
f 188/296 2075/297 2056/303
f 2056/303 2075/297 2079/301
f 2055/368 2053/300 2078/2258
f 2078/2258 2053/300 2073/2256
f 2056/303 2079/301 189/305
f 189/305 2079/301 2080/306
f 189/305 2080/306 2057/309
f 2057/309 2080/306 2081/307
f 190/311 2057/309 2082/312
f 2082/312 2057/309 2081/307
f 2058/326 190/311 2083/324
f 2083/324 190/311 2082/312
f 192/321 282/322 2084/2261
f 2084/2261 282/322 2085/2262
f 191/318 2058/326 2086/314
f 2086/314 2058/326 2083/324
f 282/317 191/318 2085/313
f 2085/313 191/318 2086/314
f 323/335 192/321 2068/2250
f 2068/2250 192/321 2084/2261
f 1947/807 657/805 2087/2263
f 2087/2263 657/805 2088/2264
f 2059/802 2060/803 2089/2265
f 2089/2265 2060/803 2090/2266
f 657/805 2059/802 2088/2264
f 2088/2264 2059/802 2089/2265
f 555/749 2092/2267 654/756
f 654/756 2092/2267 2091/2268
f 556/751 2094/2269 653/747
f 653/747 2094/2269 2093/2270
f 653/747 2093/2270 555/749
f 555/749 2093/2270 2092/2267
f 2061/772 2095/2271 556/751
f 556/751 2095/2271 2094/2269
f 2060/803 557/758 2090/2266
f 2090/2266 557/758 2096/2272
f 654/756 2091/2268 557/758
f 557/758 2091/2268 2096/2272
f 1954/839 558/763 2097/2273
f 2097/2273 558/763 2098/2274
f 655/767 559/768 2099/759
f 2099/759 559/768 2100/769
f 558/763 655/764 2098/2274
f 2098/2274 655/764 2099/2275
f 559/768 2062/775 2100/769
f 2100/769 2062/775 2101/773
f 1954/839 2097/2273 2061/772
f 2061/772 2097/2273 2095/2271
f 2062/775 560/777 2101/773
f 2101/773 560/777 2102/778
f 560/777 2063/781 2102/778
f 2102/778 2063/781 2103/779
f 561/783 2104/784 2063/781
f 2063/781 2104/784 2103/779
f 2064/798 2105/796 561/783
f 561/783 2105/796 2104/784
f 562/790 2106/785 2064/798
f 2064/798 2106/785 2105/796
f 563/792 2108/2276 656/794
f 656/794 2108/2276 2107/2277
f 656/788 2107/786 562/790
f 562/790 2107/786 2106/785
f 1947/807 2087/2263 563/792
f 563/792 2087/2263 2108/2276
f 1687/2054 1688/1983 1808/1982
f 1118/1312 1238/1311 1152/1314
